{
    "Create": {
        "NEXT": "protract-wf-next",
        "BACK": "protract-wf-back",
        "CONFIRM": "protract-wf-confirm",
        "Customer": {
            "EAN": "protract-ean",
            "VAT": "protract-vat",
            "COMPANY": "protract-company",
            "FEDEXCONTACT": "protract-fedex-contact",
            "CUST_CONTACT": "protract-contact",
            "COUNTRY": "protract-country",
            "CUST_EMAIL": "protract-email",
            "CUST_SEG": "protract-segment"
        },
        "Pricing": {
            "IMPORT": "protract-import",
            "EXPORT": "protract-export",
            "DISCOUNT": "new-discount-table"
        },
        "Agreement": {
            "TEMPLATE": "protract-template",
            "L_NAME": "protract-name",
            "S_DATE": "protract-s-date",
            "E_NAME": "protract-e-date",
            "A_LANG": "protract-a-lang",
            "C_CUST": "protract-cust",
            "INV_FREQ": "protract-invoice-freq",
            "PAY_TER": "protract-payment-terms"
        },
        "Print": {
            "L_NAME": "protract-name",
            "S_DATE": "protract-s-date",
            "E_NAME": "protract-e-date",
            "A_LANG": "protract-a-lang",
            "C_CUST": "protract-cust",
            "R_OPT": "protract-print-radio"
        }
    }
}