[
    {
        "PROPOSAL_ID": 3303,
        "COMPANY_NAME": "ABhishek",
        "COUNTRY_NAME": "NETHERLANDS",
        "PROPOSAL_DATE": "2019-10-31",
        "EFFECTIVE_DATE": null,
        "STATUS": "NEW"
    },
    {
        "PROPOSAL_ID": 2836,
        "COMPANY_NAME": "Apple",
        "COUNTRY_NAME": "NETHERLANDS",
        "PROPOSAL_DATE": "2019-10-31",
        "EFFECTIVE_DATE": "2019-10-31",
        "STATUS": "AGREEMENT GENERATED"
    },
    {
        "PROPOSAL_ID": 2839,
        "COMPANY_NAME": "Apple BV",
        "COUNTRY_NAME": "NETHERLANDS",
        "PROPOSAL_DATE": "2019-10-31",
        "EFFECTIVE_DATE": null,
        "STATUS": "NEW"
    },
    {
        "PROPOSAL_ID": 2841,
        "COMPANY_NAME": "Apple BV",
        "COUNTRY_NAME": "NETHERLANDS",
        "PROPOSAL_DATE": "2019-10-31",
        "EFFECTIVE_DATE": null,
        "STATUS": "NEW"
    },
    {
        "PROPOSAL_ID": 2852,
        "COMPANY_NAME": "Apple BV",
        "COUNTRY_NAME": "NETHERLANDS",
        "PROPOSAL_DATE": "2019-10-31",
        "EFFECTIVE_DATE": null,
        "STATUS": "NEW"
    },
    {
        "PROPOSAL_ID": 2862,
        "COMPANY_NAME": "Apple BV",
        "COUNTRY_NAME": "NETHERLANDS",
        "PROPOSAL_DATE": "2019-10-31",
        "EFFECTIVE_DATE": null,
        "STATUS": "NEW"
    },
    {
        "PROPOSAL_ID": 2866,
        "COMPANY_NAME": "Apple BV",
        "COUNTRY_NAME": "NETHERLANDS",
        "PROPOSAL_DATE": "2019-10-31",
        "EFFECTIVE_DATE": "2019-10-31",
        "STATUS": null
    },
    {
        "PROPOSAL_ID": 2883,
        "COMPANY_NAME": "Test",
        "COUNTRY_NAME": "NETHERLANDS",
        "PROPOSAL_DATE": "2019-10-31",
        "EFFECTIVE_DATE": null,
        "STATUS": "NEW"
    },
    {
        "PROPOSAL_ID": 2832,
        "COMPANY_NAME": "XX",
        "COUNTRY_NAME": "NETHERLANDS",
        "PROPOSAL_DATE": "2019-10-31",
        "EFFECTIVE_DATE": null,
        "STATUS": "NEW"
    },
    {
        "PROPOSAL_ID": 2833,
        "COMPANY_NAME": "Xx",
        "COUNTRY_NAME": "NETHERLANDS",
        "PROPOSAL_DATE": "2019-10-31",
        "EFFECTIVE_DATE": null,
        "STATUS": "NEW"
    },
    {
        "PROPOSAL_ID": 2863,
        "COMPANY_NAME": "amazon",
        "COUNTRY_NAME": "NETHERLANDS",
        "PROPOSAL_DATE": "2019-10-31",
        "EFFECTIVE_DATE": null,
        "STATUS": "NEW"
    },
    {
        "PROPOSAL_ID": 2890,
        "COMPANY_NAME": "amazon",
        "COUNTRY_NAME": "NETHERLANDS",
        "PROPOSAL_DATE": "2019-10-31",
        "EFFECTIVE_DATE": null,
        "STATUS": "NEW"
    },
    {
        "PROPOSAL_ID": 2829,
        "COMPANY_NAME": "asaS",
        "COUNTRY_NAME": "NETHERLANDS",
        "PROPOSAL_DATE": "2019-10-31",
        "EFFECTIVE_DATE": null,
        "STATUS": "NEW"
    },
    {
        "PROPOSAL_ID": 2838,
        "COMPANY_NAME": "axx",
        "COUNTRY_NAME": "NETHERLANDS",
        "PROPOSAL_DATE": "2019-10-31",
        "EFFECTIVE_DATE": null,
        "STATUS": "NEW"
    },
    {
        "PROPOSAL_ID": 2828,
        "COMPANY_NAME": "company name",
        "COUNTRY_NAME": "NETHERLANDS",
        "PROPOSAL_DATE": "2019-10-31",
        "EFFECTIVE_DATE": null,
        "STATUS": "NEW"
    },
    {
        "PROPOSAL_ID": 2879,
        "COMPANY_NAME": "das",
        "COUNTRY_NAME": "NETHERLANDS",
        "PROPOSAL_DATE": "2019-10-31",
        "EFFECTIVE_DATE": null,
        "STATUS": "NEW"
    },
    {
        "PROPOSAL_ID": 2834,
        "COMPANY_NAME": "dsdasd",
        "COUNTRY_NAME": "NETHERLANDS",
        "PROPOSAL_DATE": "2019-10-31",
        "EFFECTIVE_DATE": "2019-10-31",
        "STATUS": "AGREEMENT GENERATED"
    },
    {
        "PROPOSAL_ID": 2880,
        "COMPANY_NAME": "fdsf",
        "COUNTRY_NAME": "NETHERLANDS",
        "PROPOSAL_DATE": "2019-10-31",
        "EFFECTIVE_DATE": null,
        "STATUS": "NEW"
    },
    {
        "PROPOSAL_ID": 2835,
        "COMPANY_NAME": "gfdgd",
        "COUNTRY_NAME": "NETHERLANDS",
        "PROPOSAL_DATE": "2019-10-31",
        "EFFECTIVE_DATE": null,
        "STATUS": "NEW"
    },
    {
        "PROPOSAL_ID": 2888,
        "COMPANY_NAME": "grger",
        "COUNTRY_NAME": "NETHERLANDS",
        "PROPOSAL_DATE": "2019-10-31",
        "EFFECTIVE_DATE": null,
        "STATUS": "NEW"
    },
    {
        "PROPOSAL_ID": 2873,
        "COMPANY_NAME": "khklj",
        "COUNTRY_NAME": "NETHERLANDS",
        "PROPOSAL_DATE": "2019-10-31",
        "EFFECTIVE_DATE": null,
        "STATUS": "NEW"
    },
    {
        "PROPOSAL_ID": 2840,
        "COMPANY_NAME": "proud",
        "COUNTRY_NAME": "NETHERLANDS",
        "PROPOSAL_DATE": "2019-10-31",
        "EFFECTIVE_DATE": null,
        "STATUS": "NEW"
    },
    {
        "PROPOSAL_ID": 2842,
        "COMPANY_NAME": "proud",
        "COUNTRY_NAME": "NETHERLANDS",
        "PROPOSAL_DATE": "2019-10-31",
        "EFFECTIVE_DATE": null,
        "STATUS": "NEW"
    },
    {
        "PROPOSAL_ID": 2846,
        "COMPANY_NAME": "proud",
        "COUNTRY_NAME": "NETHERLANDS",
        "PROPOSAL_DATE": "2019-10-31",
        "EFFECTIVE_DATE": null,
        "STATUS": "NEW"
    },
    {
        "PROPOSAL_ID": 2848,
        "COMPANY_NAME": "proud",
        "COUNTRY_NAME": "NETHERLANDS",
        "PROPOSAL_DATE": "2019-10-31",
        "EFFECTIVE_DATE": null,
        "STATUS": "NEW"
    },
    {
        "PROPOSAL_ID": 2850,
        "COMPANY_NAME": "proud",
        "COUNTRY_NAME": "NETHERLANDS",
        "PROPOSAL_DATE": "2019-10-31",
        "EFFECTIVE_DATE": null,
        "STATUS": "NEW"
    },
    {
        "PROPOSAL_ID": 2860,
        "COMPANY_NAME": "proud",
        "COUNTRY_NAME": "NETHERLANDS",
        "PROPOSAL_DATE": "2019-10-31",
        "EFFECTIVE_DATE": null,
        "STATUS": "NEW"
    },
    {
        "PROPOSAL_ID": 2864,
        "COMPANY_NAME": "proud",
        "COUNTRY_NAME": "NETHERLANDS",
        "PROPOSAL_DATE": "2019-10-31",
        "EFFECTIVE_DATE": null,
        "STATUS": "NEW"
    },
    {
        "PROPOSAL_ID": 2865,
        "COMPANY_NAME": "proud",
        "COUNTRY_NAME": "NETHERLANDS",
        "PROPOSAL_DATE": "2019-10-31",
        "EFFECTIVE_DATE": null,
        "STATUS": "NEW"
    },
    {
        "PROPOSAL_ID": 2867,
        "COMPANY_NAME": "proud",
        "COUNTRY_NAME": "NETHERLANDS",
        "PROPOSAL_DATE": "2019-10-31",
        "EFFECTIVE_DATE": null,
        "STATUS": "NEW"
    },
    {
        "PROPOSAL_ID": 2869,
        "COMPANY_NAME": "proud",
        "COUNTRY_NAME": "NETHERLANDS",
        "PROPOSAL_DATE": "2019-10-31",
        "EFFECTIVE_DATE": null,
        "STATUS": "NEW"
    },
    {
        "PROPOSAL_ID": 2870,
        "COMPANY_NAME": "proud",
        "COUNTRY_NAME": "NETHERLANDS",
        "PROPOSAL_DATE": "2019-10-31",
        "EFFECTIVE_DATE": null,
        "STATUS": "NEW"
    },
    {
        "PROPOSAL_ID": 2871,
        "COMPANY_NAME": "proud",
        "COUNTRY_NAME": "NETHERLANDS",
        "PROPOSAL_DATE": "2019-10-31",
        "EFFECTIVE_DATE": null,
        "STATUS": "NEW"
    },
    {
        "PROPOSAL_ID": 2874,
        "COMPANY_NAME": "proud",
        "COUNTRY_NAME": "NETHERLANDS",
        "PROPOSAL_DATE": "2019-10-31",
        "EFFECTIVE_DATE": null,
        "STATUS": "NEW"
    },
    {
        "PROPOSAL_ID": 2875,
        "COMPANY_NAME": "proud",
        "COUNTRY_NAME": "NETHERLANDS",
        "PROPOSAL_DATE": "2019-10-31",
        "EFFECTIVE_DATE": null,
        "STATUS": "NEW"
    },
    {
        "PROPOSAL_ID": 2876,
        "COMPANY_NAME": "proud",
        "COUNTRY_NAME": "NETHERLANDS",
        "PROPOSAL_DATE": "2019-10-31",
        "EFFECTIVE_DATE": null,
        "STATUS": "NEW"
    },
    {
        "PROPOSAL_ID": 2878,
        "COMPANY_NAME": "proud",
        "COUNTRY_NAME": "NETHERLANDS",
        "PROPOSAL_DATE": "2019-10-31",
        "EFFECTIVE_DATE": null,
        "STATUS": "NEW"
    },
    {
        "PROPOSAL_ID": 2887,
        "COMPANY_NAME": "sdsad",
        "COUNTRY_NAME": "NETHERLANDS",
        "PROPOSAL_DATE": "2019-10-31",
        "EFFECTIVE_DATE": null,
        "STATUS": "NEW"
    },
    {
        "PROPOSAL_ID": 2825,
        "COMPANY_NAME": "test",
        "COUNTRY_NAME": "NETHERLANDS",
        "PROPOSAL_DATE": "2019-10-31",
        "EFFECTIVE_DATE": null,
        "STATUS": "NEW"
    },
    {
        "PROPOSAL_ID": 2826,
        "COMPANY_NAME": "test",
        "COUNTRY_NAME": "NETHERLANDS",
        "PROPOSAL_DATE": "2019-10-31",
        "EFFECTIVE_DATE": "2019-10-31",
        "STATUS": "AGREEMENT GENERATED"
    },
    {
        "PROPOSAL_ID": 2827,
        "COMPANY_NAME": "test",
        "COUNTRY_NAME": "NETHERLANDS",
        "PROPOSAL_DATE": "2019-10-31",
        "EFFECTIVE_DATE": "2019-10-31",
        "STATUS": null
    },
    {
        "PROPOSAL_ID": 2843,
        "COMPANY_NAME": "test",
        "COUNTRY_NAME": "NETHERLANDS",
        "PROPOSAL_DATE": "2019-10-31",
        "EFFECTIVE_DATE": null,
        "STATUS": "NEW"
    },
    {
        "PROPOSAL_ID": 2851,
        "COMPANY_NAME": "test",
        "COUNTRY_NAME": "NETHERLANDS",
        "PROPOSAL_DATE": "2019-10-31",
        "EFFECTIVE_DATE": null,
        "STATUS": "NEW"
    },
    {
        "PROPOSAL_ID": 2854,
        "COMPANY_NAME": "test",
        "COUNTRY_NAME": "NETHERLANDS",
        "PROPOSAL_DATE": "2019-10-31",
        "EFFECTIVE_DATE": "2019-10-31",
        "STATUS": "AGREEMENT GENERATED"
    },
    {
        "PROPOSAL_ID": 2861,
        "COMPANY_NAME": "test",
        "COUNTRY_NAME": "NETHERLANDS",
        "PROPOSAL_DATE": "2019-10-31",
        "EFFECTIVE_DATE": null,
        "STATUS": "NEW"
    },
    {
        "PROPOSAL_ID": 2884,
        "COMPANY_NAME": "test",
        "COUNTRY_NAME": "NETHERLANDS",
        "PROPOSAL_DATE": "2019-10-31",
        "EFFECTIVE_DATE": null,
        "STATUS": "NEW"
    },
    {
        "PROPOSAL_ID": 2885,
        "COMPANY_NAME": "test",
        "COUNTRY_NAME": "NETHERLANDS",
        "PROPOSAL_DATE": "2019-10-31",
        "EFFECTIVE_DATE": null,
        "STATUS": "NEW"
    },
    {
        "PROPOSAL_ID": 2886,
        "COMPANY_NAME": "test",
        "COUNTRY_NAME": "NETHERLANDS",
        "PROPOSAL_DATE": "2019-10-31",
        "EFFECTIVE_DATE": null,
        "STATUS": "NEW"
    },
    {
        "PROPOSAL_ID": 2847,
        "COMPANY_NAME": "test@test",
        "COUNTRY_NAME": "NETHERLANDS",
        "PROPOSAL_DATE": "2019-10-31",
        "EFFECTIVE_DATE": null,
        "STATUS": "NEW"
    },
    {
        "PROPOSAL_ID": 2855,
        "COMPANY_NAME": "testt",
        "COUNTRY_NAME": "NETHERLANDS",
        "PROPOSAL_DATE": "2019-10-31",
        "EFFECTIVE_DATE": null,
        "STATUS": "NEW"
    },
    {
        "PROPOSAL_ID": 2853,
        "COMPANY_NAME": "testte",
        "COUNTRY_NAME": "NETHERLANDS",
        "PROPOSAL_DATE": "2019-10-31",
        "EFFECTIVE_DATE": null,
        "STATUS": "NEW"
    },
    {
        "PROPOSAL_ID": 2872,
        "COMPANY_NAME": "xaxa",
        "COUNTRY_NAME": "NETHERLANDS",
        "PROPOSAL_DATE": "2019-10-31",
        "EFFECTIVE_DATE": null,
        "STATUS": "NEW"
    },
    {
        "PROPOSAL_ID": 2742,
        "COMPANY_NAME": "Apple",
        "COUNTRY_NAME": "NETHERLANDS",
        "PROPOSAL_DATE": "2019-10-30",
        "EFFECTIVE_DATE": "2019-10-30",
        "STATUS": null
    },
    {
        "PROPOSAL_ID": 2745,
        "COMPANY_NAME": "Apple",
        "COUNTRY_NAME": "NETHERLANDS",
        "PROPOSAL_DATE": "2019-10-30",
        "EFFECTIVE_DATE": "2019-10-30",
        "STATUS": null
    },
    {
        "PROPOSAL_ID": 2729,
        "COMPANY_NAME": "Apple ",
        "COUNTRY_NAME": "NETHERLANDS",
        "PROPOSAL_DATE": "2019-10-30",
        "EFFECTIVE_DATE": null,
        "STATUS": "NEW"
    },
    {
        "PROPOSAL_ID": 2766,
        "COMPANY_NAME": "Fedex",
        "COUNTRY_NAME": "NETHERLANDS",
        "PROPOSAL_DATE": "2019-10-30",
        "EFFECTIVE_DATE": "2019-10-30",
        "STATUS": null
    },
    {
        "PROPOSAL_ID": 2750,
        "COMPANY_NAME": "amazon",
        "COUNTRY_NAME": "NETHERLANDS",
        "PROPOSAL_DATE": "2019-10-30",
        "EFFECTIVE_DATE": null,
        "STATUS": "NEW"
    },
    {
        "PROPOSAL_ID": 2753,
        "COMPANY_NAME": "amazon",
        "COUNTRY_NAME": "NETHERLANDS",
        "PROPOSAL_DATE": "2019-10-30",
        "EFFECTIVE_DATE": null,
        "STATUS": "NEW"
    },
    {
        "PROPOSAL_ID": 2754,
        "COMPANY_NAME": "amazon",
        "COUNTRY_NAME": "NETHERLANDS",
        "PROPOSAL_DATE": "2019-10-30",
        "EFFECTIVE_DATE": null,
        "STATUS": "NEW"
    },
    {
        "PROPOSAL_ID": 2755,
        "COMPANY_NAME": "amazon",
        "COUNTRY_NAME": "NETHERLANDS",
        "PROPOSAL_DATE": "2019-10-30",
        "EFFECTIVE_DATE": null,
        "STATUS": "NEW"
    },
    {
        "PROPOSAL_ID": 2757,
        "COMPANY_NAME": "amazon",
        "COUNTRY_NAME": "NETHERLANDS",
        "PROPOSAL_DATE": "2019-10-30",
        "EFFECTIVE_DATE": null,
        "STATUS": "NEW"
    },
    {
        "PROPOSAL_ID": 2760,
        "COMPANY_NAME": "amazon",
        "COUNTRY_NAME": "NETHERLANDS",
        "PROPOSAL_DATE": "2019-10-30",
        "EFFECTIVE_DATE": null,
        "STATUS": "NEW"
    },
    {
        "PROPOSAL_ID": 2773,
        "COMPANY_NAME": "amazon",
        "COUNTRY_NAME": "NETHERLANDS",
        "PROPOSAL_DATE": "2019-10-30",
        "EFFECTIVE_DATE": null,
        "STATUS": "NEW"
    },
    {
        "PROPOSAL_ID": 2775,
        "COMPANY_NAME": "amazon",
        "COUNTRY_NAME": "NETHERLANDS",
        "PROPOSAL_DATE": "2019-10-30",
        "EFFECTIVE_DATE": null,
        "STATUS": "NEW"
    },
    {
        "PROPOSAL_ID": 2776,
        "COMPANY_NAME": "amazon",
        "COUNTRY_NAME": "NETHERLANDS",
        "PROPOSAL_DATE": "2019-10-30",
        "EFFECTIVE_DATE": null,
        "STATUS": "NEW"
    },
    {
        "PROPOSAL_ID": 2777,
        "COMPANY_NAME": "amazon",
        "COUNTRY_NAME": "NETHERLANDS",
        "PROPOSAL_DATE": "2019-10-30",
        "EFFECTIVE_DATE": null,
        "STATUS": "NEW"
    },
    {
        "PROPOSAL_ID": 2778,
        "COMPANY_NAME": "amazon",
        "COUNTRY_NAME": "NETHERLANDS",
        "PROPOSAL_DATE": "2019-10-30",
        "EFFECTIVE_DATE": null,
        "STATUS": "NEW"
    },
    {
        "PROPOSAL_ID": 2779,
        "COMPANY_NAME": "amazon",
        "COUNTRY_NAME": "NETHERLANDS",
        "PROPOSAL_DATE": "2019-10-30",
        "EFFECTIVE_DATE": null,
        "STATUS": "NEW"
    },
    {
        "PROPOSAL_ID": 2780,
        "COMPANY_NAME": "amazon",
        "COUNTRY_NAME": "NETHERLANDS",
        "PROPOSAL_DATE": "2019-10-30",
        "EFFECTIVE_DATE": null,
        "STATUS": "NEW"
    },
    {
        "PROPOSAL_ID": 2782,
        "COMPANY_NAME": "amazon",
        "COUNTRY_NAME": "NETHERLANDS",
        "PROPOSAL_DATE": "2019-10-30",
        "EFFECTIVE_DATE": null,
        "STATUS": "NEW"
    },
    {
        "PROPOSAL_ID": 2786,
        "COMPANY_NAME": "amazon",
        "COUNTRY_NAME": "NETHERLANDS",
        "PROPOSAL_DATE": "2019-10-30",
        "EFFECTIVE_DATE": null,
        "STATUS": "NEW"
    },
    {
        "PROPOSAL_ID": 2820,
        "COMPANY_NAME": "test",
        "COUNTRY_NAME": "NETHERLANDS",
        "PROPOSAL_DATE": "2019-10-30",
        "EFFECTIVE_DATE": null,
        "STATUS": "NEW"
    },
    {
        "PROPOSAL_ID": 2822,
        "COMPANY_NAME": "test",
        "COUNTRY_NAME": "NETHERLANDS",
        "PROPOSAL_DATE": "2019-10-30",
        "EFFECTIVE_DATE": "2019-10-30",
        "STATUS": null
    },
    {
        "PROPOSAL_ID": 2823,
        "COMPANY_NAME": "test",
        "COUNTRY_NAME": "NETHERLANDS",
        "PROPOSAL_DATE": "2019-10-30",
        "EFFECTIVE_DATE": "2019-10-30",
        "STATUS": null
    },
    {
        "PROPOSAL_ID": 2690,
        "COMPANY_NAME": "Chabhara",
        "COUNTRY_NAME": "NETHERLANDS",
        "PROPOSAL_DATE": "2019-10-29",
        "EFFECTIVE_DATE": null,
        "STATUS": "NEW"
    },
    {
        "PROPOSAL_ID": 2679,
        "COMPANY_NAME": "proud",
        "COUNTRY_NAME": "NETHERLANDS",
        "PROPOSAL_DATE": "2019-10-29",
        "EFFECTIVE_DATE": null,
        "STATUS": "NEW"
    },
    {
        "PROPOSAL_ID": 2680,
        "COMPANY_NAME": "proud",
        "COUNTRY_NAME": "NETHERLANDS",
        "PROPOSAL_DATE": "2019-10-29",
        "EFFECTIVE_DATE": null,
        "STATUS": "NEW"
    },
    {
        "PROPOSAL_ID": 2681,
        "COMPANY_NAME": "proud",
        "COUNTRY_NAME": "NETHERLANDS",
        "PROPOSAL_DATE": "2019-10-29",
        "EFFECTIVE_DATE": null,
        "STATUS": "NEW"
    },
    {
        "PROPOSAL_ID": 2682,
        "COMPANY_NAME": "proud",
        "COUNTRY_NAME": "NETHERLANDS",
        "PROPOSAL_DATE": "2019-10-29",
        "EFFECTIVE_DATE": null,
        "STATUS": "NEW"
    },
    {
        "PROPOSAL_ID": 2683,
        "COMPANY_NAME": "proud",
        "COUNTRY_NAME": "NETHERLANDS",
        "PROPOSAL_DATE": "2019-10-29",
        "EFFECTIVE_DATE": null,
        "STATUS": "NEW"
    },
    {
        "PROPOSAL_ID": 2684,
        "COMPANY_NAME": "proud",
        "COUNTRY_NAME": "NETHERLANDS",
        "PROPOSAL_DATE": "2019-10-29",
        "EFFECTIVE_DATE": null,
        "STATUS": "NEW"
    },
    {
        "PROPOSAL_ID": 2685,
        "COMPANY_NAME": "proud",
        "COUNTRY_NAME": "NETHERLANDS",
        "PROPOSAL_DATE": "2019-10-29",
        "EFFECTIVE_DATE": null,
        "STATUS": "NEW"
    },
    {
        "PROPOSAL_ID": 2686,
        "COMPANY_NAME": "proud",
        "COUNTRY_NAME": "NETHERLANDS",
        "PROPOSAL_DATE": "2019-10-29",
        "EFFECTIVE_DATE": null,
        "STATUS": "NEW"
    },
    {
        "PROPOSAL_ID": 2687,
        "COMPANY_NAME": "proud",
        "COUNTRY_NAME": "NETHERLANDS",
        "PROPOSAL_DATE": "2019-10-29",
        "EFFECTIVE_DATE": null,
        "STATUS": "NEW"
    },
    {
        "PROPOSAL_ID": 2578,
        "COMPANY_NAME": "amazon",
        "COUNTRY_NAME": "NETHERLANDS",
        "PROPOSAL_DATE": "2019-10-28",
        "EFFECTIVE_DATE": null,
        "STATUS": "NEW"
    },
    {
        "PROPOSAL_ID": 2616,
        "COMPANY_NAME": "amazon",
        "COUNTRY_NAME": "NETHERLANDS",
        "PROPOSAL_DATE": "2019-10-28",
        "EFFECTIVE_DATE": null,
        "STATUS": "NEW"
    },
    {
        "PROPOSAL_ID": 2618,
        "COMPANY_NAME": "test",
        "COUNTRY_NAME": "NETHERLANDS",
        "PROPOSAL_DATE": "2019-10-28",
        "EFFECTIVE_DATE": null,
        "STATUS": "NEW"
    },
    {
        "PROPOSAL_ID": 2563,
        "COMPANY_NAME": "amazon",
        "COUNTRY_NAME": "NETHERLANDS",
        "PROPOSAL_DATE": "2019-10-26",
        "EFFECTIVE_DATE": null,
        "STATUS": "NEW"
    },
    {
        "PROPOSAL_ID": 2564,
        "COMPANY_NAME": "amazon",
        "COUNTRY_NAME": "NETHERLANDS",
        "PROPOSAL_DATE": "2019-10-26",
        "EFFECTIVE_DATE": null,
        "STATUS": "NEW"
    },
    {
        "PROPOSAL_ID": 2565,
        "COMPANY_NAME": "amazon",
        "COUNTRY_NAME": "NETHERLANDS",
        "PROPOSAL_DATE": "2019-10-26",
        "EFFECTIVE_DATE": null,
        "STATUS": "NEW"
    },
    {
        "PROPOSAL_ID": 2566,
        "COMPANY_NAME": "amazon",
        "COUNTRY_NAME": "NETHERLANDS",
        "PROPOSAL_DATE": "2019-10-26",
        "EFFECTIVE_DATE": null,
        "STATUS": "NEW"
    },
    {
        "PROPOSAL_ID": 2567,
        "COMPANY_NAME": "amazon",
        "COUNTRY_NAME": "NETHERLANDS",
        "PROPOSAL_DATE": "2019-10-26",
        "EFFECTIVE_DATE": null,
        "STATUS": "NEW"
    },
    {
        "PROPOSAL_ID": 2568,
        "COMPANY_NAME": "amazon",
        "COUNTRY_NAME": "NETHERLANDS",
        "PROPOSAL_DATE": "2019-10-26",
        "EFFECTIVE_DATE": null,
        "STATUS": "NEW"
    },
    {
        "PROPOSAL_ID": 2533,
        "COMPANY_NAME": "proud",
        "COUNTRY_NAME": "NETHERLANDS",
        "PROPOSAL_DATE": "2019-10-26",
        "EFFECTIVE_DATE": null,
        "STATUS": "NEW"
    },
    {
        "PROPOSAL_ID": 2534,
        "COMPANY_NAME": "proud",
        "COUNTRY_NAME": "NETHERLANDS",
        "PROPOSAL_DATE": "2019-10-26",
        "EFFECTIVE_DATE": null,
        "STATUS": "NEW"
    },
    {
        "PROPOSAL_ID": 2535,
        "COMPANY_NAME": "proud",
        "COUNTRY_NAME": "NETHERLANDS",
        "PROPOSAL_DATE": "2019-10-26",
        "EFFECTIVE_DATE": null,
        "STATUS": "NEW"
    },
    {
        "PROPOSAL_ID": 2536,
        "COMPANY_NAME": "proud",
        "COUNTRY_NAME": "NETHERLANDS",
        "PROPOSAL_DATE": "2019-10-26",
        "EFFECTIVE_DATE": null,
        "STATUS": "NEW"
    },
    {
        "PROPOSAL_ID": 2537,
        "COMPANY_NAME": "proud",
        "COUNTRY_NAME": "NETHERLANDS",
        "PROPOSAL_DATE": "2019-10-26",
        "EFFECTIVE_DATE": null,
        "STATUS": "NEW"
    },
    {
        "PROPOSAL_ID": 2538,
        "COMPANY_NAME": "proud",
        "COUNTRY_NAME": "NETHERLANDS",
        "PROPOSAL_DATE": "2019-10-26",
        "EFFECTIVE_DATE": null,
        "STATUS": "NEW"
    },
    {
        "PROPOSAL_ID": 2539,
        "COMPANY_NAME": "proud",
        "COUNTRY_NAME": "NETHERLANDS",
        "PROPOSAL_DATE": "2019-10-26",
        "EFFECTIVE_DATE": null,
        "STATUS": "NEW"
    },
    {
        "PROPOSAL_ID": 2540,
        "COMPANY_NAME": "proud",
        "COUNTRY_NAME": "NETHERLANDS",
        "PROPOSAL_DATE": "2019-10-26",
        "EFFECTIVE_DATE": null,
        "STATUS": "NEW"
    },
    {
        "PROPOSAL_ID": 2541,
        "COMPANY_NAME": "proud",
        "COUNTRY_NAME": "NETHERLANDS",
        "PROPOSAL_DATE": "2019-10-26",
        "EFFECTIVE_DATE": null,
        "STATUS": "NEW"
    },
    {
        "PROPOSAL_ID": 2543,
        "COMPANY_NAME": "proud",
        "COUNTRY_NAME": "NETHERLANDS",
        "PROPOSAL_DATE": "2019-10-26",
        "EFFECTIVE_DATE": null,
        "STATUS": "NEW"
    },
    {
        "PROPOSAL_ID": 2544,
        "COMPANY_NAME": "proud",
        "COUNTRY_NAME": "NETHERLANDS",
        "PROPOSAL_DATE": "2019-10-26",
        "EFFECTIVE_DATE": null,
        "STATUS": "NEW"
    },
    {
        "PROPOSAL_ID": 2545,
        "COMPANY_NAME": "proud",
        "COUNTRY_NAME": "NETHERLANDS",
        "PROPOSAL_DATE": "2019-10-26",
        "EFFECTIVE_DATE": "2019-10-26",
        "STATUS": "AGREEMENT GENERATED"
    },
    {
        "PROPOSAL_ID": 2549,
        "COMPANY_NAME": "proud",
        "COUNTRY_NAME": "NETHERLANDS",
        "PROPOSAL_DATE": "2019-10-26",
        "EFFECTIVE_DATE": "2019-10-26",
        "STATUS": "AGREEMENT GENERATED"
    },
    {
        "PROPOSAL_ID": 2550,
        "COMPANY_NAME": "proud",
        "COUNTRY_NAME": "NETHERLANDS",
        "PROPOSAL_DATE": "2019-10-26",
        "EFFECTIVE_DATE": "2019-10-26",
        "STATUS": "AGREEMENT GENERATED"
    },
    {
        "PROPOSAL_ID": 2551,
        "COMPANY_NAME": "proud",
        "COUNTRY_NAME": "NETHERLANDS",
        "PROPOSAL_DATE": "2019-10-26",
        "EFFECTIVE_DATE": "2019-10-26",
        "STATUS": "AGREEMENT GENERATED"
    },
    {
        "PROPOSAL_ID": 2553,
        "COMPANY_NAME": "proud",
        "COUNTRY_NAME": "NETHERLANDS",
        "PROPOSAL_DATE": "2019-10-26",
        "EFFECTIVE_DATE": "2019-10-26",
        "STATUS": "AGREEMENT GENERATED"
    },
    {
        "PROPOSAL_ID": 2554,
        "COMPANY_NAME": "proud",
        "COUNTRY_NAME": "NETHERLANDS",
        "PROPOSAL_DATE": "2019-10-26",
        "EFFECTIVE_DATE": "2019-10-26",
        "STATUS": "AGREEMENT GENERATED"
    },
    {
        "PROPOSAL_ID": 2555,
        "COMPANY_NAME": "proud",
        "COUNTRY_NAME": "NETHERLANDS",
        "PROPOSAL_DATE": "2019-10-26",
        "EFFECTIVE_DATE": null,
        "STATUS": "NEW"
    },
    {
        "PROPOSAL_ID": 2556,
        "COMPANY_NAME": "proud",
        "COUNTRY_NAME": "NETHERLANDS",
        "PROPOSAL_DATE": "2019-10-26",
        "EFFECTIVE_DATE": null,
        "STATUS": "NEW"
    },
    {
        "PROPOSAL_ID": 2557,
        "COMPANY_NAME": "proud",
        "COUNTRY_NAME": "NETHERLANDS",
        "PROPOSAL_DATE": "2019-10-26",
        "EFFECTIVE_DATE": null,
        "STATUS": "NEW"
    },
    {
        "PROPOSAL_ID": 2558,
        "COMPANY_NAME": "proud",
        "COUNTRY_NAME": "NETHERLANDS",
        "PROPOSAL_DATE": "2019-10-26",
        "EFFECTIVE_DATE": null,
        "STATUS": "NEW"
    },
    {
        "PROPOSAL_ID": 2559,
        "COMPANY_NAME": "proud",
        "COUNTRY_NAME": "NETHERLANDS",
        "PROPOSAL_DATE": "2019-10-26",
        "EFFECTIVE_DATE": null,
        "STATUS": "NEW"
    },
    {
        "PROPOSAL_ID": 2560,
        "COMPANY_NAME": "proud",
        "COUNTRY_NAME": "NETHERLANDS",
        "PROPOSAL_DATE": "2019-10-26",
        "EFFECTIVE_DATE": null,
        "STATUS": "NEW"
    },
    {
        "PROPOSAL_ID": 2561,
        "COMPANY_NAME": "proud",
        "COUNTRY_NAME": "NETHERLANDS",
        "PROPOSAL_DATE": "2019-10-26",
        "EFFECTIVE_DATE": null,
        "STATUS": "NEW"
    },
    {
        "PROPOSAL_ID": 2562,
        "COMPANY_NAME": "proud",
        "COUNTRY_NAME": "NETHERLANDS",
        "PROPOSAL_DATE": "2019-10-26",
        "EFFECTIVE_DATE": null,
        "STATUS": "NEW"
    },
    {
        "PROPOSAL_ID": 2426,
        "COMPANY_NAME": "amazon",
        "COUNTRY_NAME": "NETHERLANDS",
        "PROPOSAL_DATE": "2019-10-25",
        "EFFECTIVE_DATE": null,
        "STATUS": "NEW"
    },
    {
        "PROPOSAL_ID": 2430,
        "COMPANY_NAME": "amazon",
        "COUNTRY_NAME": "NETHERLANDS",
        "PROPOSAL_DATE": "2019-10-25",
        "EFFECTIVE_DATE": null,
        "STATUS": "NEW"
    },
    {
        "PROPOSAL_ID": 2454,
        "COMPANY_NAME": "amazon",
        "COUNTRY_NAME": "NETHERLANDS",
        "PROPOSAL_DATE": "2019-10-25",
        "EFFECTIVE_DATE": null,
        "STATUS": "NEW"
    },
    {
        "PROPOSAL_ID": 2455,
        "COMPANY_NAME": "amazon",
        "COUNTRY_NAME": "NETHERLANDS",
        "PROPOSAL_DATE": "2019-10-25",
        "EFFECTIVE_DATE": null,
        "STATUS": "NEW"
    },
    {
        "PROPOSAL_ID": 2463,
        "COMPANY_NAME": "amazon",
        "COUNTRY_NAME": "NETHERLANDS",
        "PROPOSAL_DATE": "2019-10-25",
        "EFFECTIVE_DATE": null,
        "STATUS": "NEW"
    },
    {
        "PROPOSAL_ID": 2464,
        "COMPANY_NAME": "amazon",
        "COUNTRY_NAME": "NETHERLANDS",
        "PROPOSAL_DATE": "2019-10-25",
        "EFFECTIVE_DATE": null,
        "STATUS": "NEW"
    },
    {
        "PROPOSAL_ID": 2465,
        "COMPANY_NAME": "amazon",
        "COUNTRY_NAME": "NETHERLANDS",
        "PROPOSAL_DATE": "2019-10-25",
        "EFFECTIVE_DATE": null,
        "STATUS": "NEW"
    },
    {
        "PROPOSAL_ID": 2466,
        "COMPANY_NAME": "amazon",
        "COUNTRY_NAME": "NETHERLANDS",
        "PROPOSAL_DATE": "2019-10-25",
        "EFFECTIVE_DATE": null,
        "STATUS": "NEW"
    },
    {
        "PROPOSAL_ID": 2468,
        "COMPANY_NAME": "amazon",
        "COUNTRY_NAME": "NETHERLANDS",
        "PROPOSAL_DATE": "2019-10-25",
        "EFFECTIVE_DATE": null,
        "STATUS": "NEW"
    },
    {
        "PROPOSAL_ID": 2499,
        "COMPANY_NAME": "amazon",
        "COUNTRY_NAME": "NETHERLANDS",
        "PROPOSAL_DATE": "2019-10-25",
        "EFFECTIVE_DATE": null,
        "STATUS": "NEW"
    },
    {
        "PROPOSAL_ID": 2504,
        "COMPANY_NAME": "amazon",
        "COUNTRY_NAME": "NETHERLANDS",
        "PROPOSAL_DATE": "2019-10-25",
        "EFFECTIVE_DATE": null,
        "STATUS": "NEW"
    },
    {
        "PROPOSAL_ID": 2514,
        "COMPANY_NAME": "amazon",
        "COUNTRY_NAME": "NETHERLANDS",
        "PROPOSAL_DATE": "2019-10-25",
        "EFFECTIVE_DATE": null,
        "STATUS": "NEW"
    },
    {
        "PROPOSAL_ID": 2515,
        "COMPANY_NAME": "amazon",
        "COUNTRY_NAME": "NETHERLANDS",
        "PROPOSAL_DATE": "2019-10-25",
        "EFFECTIVE_DATE": null,
        "STATUS": "NEW"
    },
    {
        "PROPOSAL_ID": 2517,
        "COMPANY_NAME": "amazon",
        "COUNTRY_NAME": "NETHERLANDS",
        "PROPOSAL_DATE": "2019-10-25",
        "EFFECTIVE_DATE": null,
        "STATUS": "NEW"
    },
    {
        "PROPOSAL_ID": 2518,
        "COMPANY_NAME": "amazon",
        "COUNTRY_NAME": "NETHERLANDS",
        "PROPOSAL_DATE": "2019-10-25",
        "EFFECTIVE_DATE": null,
        "STATUS": "NEW"
    },
    {
        "PROPOSAL_ID": 2520,
        "COMPANY_NAME": "amazon",
        "COUNTRY_NAME": "NETHERLANDS",
        "PROPOSAL_DATE": "2019-10-25",
        "EFFECTIVE_DATE": null,
        "STATUS": "NEW"
    },
    {
        "PROPOSAL_ID": 2521,
        "COMPANY_NAME": "amazon",
        "COUNTRY_NAME": "NETHERLANDS",
        "PROPOSAL_DATE": "2019-10-25",
        "EFFECTIVE_DATE": null,
        "STATUS": "NEW"
    },
    {
        "PROPOSAL_ID": 2523,
        "COMPANY_NAME": "amazon",
        "COUNTRY_NAME": "NETHERLANDS",
        "PROPOSAL_DATE": "2019-10-25",
        "EFFECTIVE_DATE": null,
        "STATUS": "NEW"
    },
    {
        "PROPOSAL_ID": 2524,
        "COMPANY_NAME": "amazon",
        "COUNTRY_NAME": "NETHERLANDS",
        "PROPOSAL_DATE": "2019-10-25",
        "EFFECTIVE_DATE": null,
        "STATUS": "NEW"
    },
    {
        "PROPOSAL_ID": 2526,
        "COMPANY_NAME": "amazon",
        "COUNTRY_NAME": "NETHERLANDS",
        "PROPOSAL_DATE": "2019-10-25",
        "EFFECTIVE_DATE": null,
        "STATUS": "NEW"
    },
    {
        "PROPOSAL_ID": 2527,
        "COMPANY_NAME": "amazon",
        "COUNTRY_NAME": "NETHERLANDS",
        "PROPOSAL_DATE": "2019-10-25",
        "EFFECTIVE_DATE": null,
        "STATUS": "NEW"
    },
    {
        "PROPOSAL_ID": 2528,
        "COMPANY_NAME": "amazon",
        "COUNTRY_NAME": "NETHERLANDS",
        "PROPOSAL_DATE": "2019-10-25",
        "EFFECTIVE_DATE": null,
        "STATUS": "NEW"
    },
    {
        "PROPOSAL_ID": 2529,
        "COMPANY_NAME": "amazon",
        "COUNTRY_NAME": "NETHERLANDS",
        "PROPOSAL_DATE": "2019-10-25",
        "EFFECTIVE_DATE": null,
        "STATUS": "NEW"
    },
    {
        "PROPOSAL_ID": 2530,
        "COMPANY_NAME": "amazon",
        "COUNTRY_NAME": "NETHERLANDS",
        "PROPOSAL_DATE": "2019-10-25",
        "EFFECTIVE_DATE": null,
        "STATUS": "NEW"
    },
    {
        "PROPOSAL_ID": 2532,
        "COMPANY_NAME": "amazon",
        "COUNTRY_NAME": "NETHERLANDS",
        "PROPOSAL_DATE": "2019-10-25",
        "EFFECTIVE_DATE": null,
        "STATUS": "NEW"
    },
    {
        "PROPOSAL_ID": 2503,
        "COMPANY_NAME": "proud",
        "COUNTRY_NAME": "NETHERLANDS",
        "PROPOSAL_DATE": "2019-10-25",
        "EFFECTIVE_DATE": null,
        "STATUS": "NEW"
    },
    {
        "PROPOSAL_ID": 2505,
        "COMPANY_NAME": "proud",
        "COUNTRY_NAME": "NETHERLANDS",
        "PROPOSAL_DATE": "2019-10-25",
        "EFFECTIVE_DATE": null,
        "STATUS": "NEW"
    },
    {
        "PROPOSAL_ID": 2506,
        "COMPANY_NAME": "proud",
        "COUNTRY_NAME": "NETHERLANDS",
        "PROPOSAL_DATE": "2019-10-25",
        "EFFECTIVE_DATE": null,
        "STATUS": "NEW"
    },
    {
        "PROPOSAL_ID": 2507,
        "COMPANY_NAME": "proud",
        "COUNTRY_NAME": "NETHERLANDS",
        "PROPOSAL_DATE": "2019-10-25",
        "EFFECTIVE_DATE": null,
        "STATUS": "NEW"
    },
    {
        "PROPOSAL_ID": 2509,
        "COMPANY_NAME": "proud",
        "COUNTRY_NAME": "NETHERLANDS",
        "PROPOSAL_DATE": "2019-10-25",
        "EFFECTIVE_DATE": null,
        "STATUS": "NEW"
    },
    {
        "PROPOSAL_ID": 2510,
        "COMPANY_NAME": "proud",
        "COUNTRY_NAME": "NETHERLANDS",
        "PROPOSAL_DATE": "2019-10-25",
        "EFFECTIVE_DATE": null,
        "STATUS": "NEW"
    },
    {
        "PROPOSAL_ID": 2511,
        "COMPANY_NAME": "proud",
        "COUNTRY_NAME": "NETHERLANDS",
        "PROPOSAL_DATE": "2019-10-25",
        "EFFECTIVE_DATE": null,
        "STATUS": "NEW"
    },
    {
        "PROPOSAL_ID": 2512,
        "COMPANY_NAME": "proud",
        "COUNTRY_NAME": "NETHERLANDS",
        "PROPOSAL_DATE": "2019-10-25",
        "EFFECTIVE_DATE": null,
        "STATUS": "NEW"
    },
    {
        "PROPOSAL_ID": 2400,
        "COMPANY_NAME": "sdfds",
        "COUNTRY_NAME": "NETHERLANDS",
        "PROPOSAL_DATE": "2019-10-25",
        "EFFECTIVE_DATE": null,
        "STATUS": "NEW"
    },
    {
        "PROPOSAL_ID": 2265,
        "COMPANY_NAME": "amazon",
        "COUNTRY_NAME": "NETHERLANDS",
        "PROPOSAL_DATE": "2019-10-24",
        "EFFECTIVE_DATE": "2019-10-03",
        "STATUS": null
    },
    {
        "PROPOSAL_ID": 2268,
        "COMPANY_NAME": "amazon",
        "COUNTRY_NAME": "NETHERLANDS",
        "PROPOSAL_DATE": "2019-10-24",
        "EFFECTIVE_DATE": null,
        "STATUS": "NEW"
    },
    {
        "PROPOSAL_ID": 2269,
        "COMPANY_NAME": "amazon",
        "COUNTRY_NAME": "NETHERLANDS",
        "PROPOSAL_DATE": "2019-10-24",
        "EFFECTIVE_DATE": "2019-10-03",
        "STATUS": "IMPLEMENTED"
    },
    {
        "PROPOSAL_ID": 2270,
        "COMPANY_NAME": "amazon",
        "COUNTRY_NAME": "NETHERLANDS",
        "PROPOSAL_DATE": "2019-10-24",
        "EFFECTIVE_DATE": null,
        "STATUS": "NEW"
    },
    {
        "PROPOSAL_ID": 2272,
        "COMPANY_NAME": "amazon",
        "COUNTRY_NAME": "NETHERLANDS",
        "PROPOSAL_DATE": "2019-10-24",
        "EFFECTIVE_DATE": "2019-10-03",
        "STATUS": null
    },
    {
        "PROPOSAL_ID": 2274,
        "COMPANY_NAME": "amazon",
        "COUNTRY_NAME": "NETHERLANDS",
        "PROPOSAL_DATE": "2019-10-24",
        "EFFECTIVE_DATE": "2019-10-03",
        "STATUS": "IMPLEMENTED"
    },
    {
        "PROPOSAL_ID": 2277,
        "COMPANY_NAME": "amazon",
        "COUNTRY_NAME": "NETHERLANDS",
        "PROPOSAL_DATE": "2019-10-24",
        "EFFECTIVE_DATE": "2019-10-03",
        "STATUS": "IMPLEMENTED"
    },
    {
        "PROPOSAL_ID": 2278,
        "COMPANY_NAME": "amazon",
        "COUNTRY_NAME": "NETHERLANDS",
        "PROPOSAL_DATE": "2019-10-24",
        "EFFECTIVE_DATE": "2019-10-03",
        "STATUS": null
    },
    {
        "PROPOSAL_ID": 2281,
        "COMPANY_NAME": "amazon",
        "COUNTRY_NAME": "NETHERLANDS",
        "PROPOSAL_DATE": "2019-10-24",
        "EFFECTIVE_DATE": "2019-10-03",
        "STATUS": null
    },
    {
        "PROPOSAL_ID": 2284,
        "COMPANY_NAME": "amazon",
        "COUNTRY_NAME": "NETHERLANDS",
        "PROPOSAL_DATE": "2019-10-24",
        "EFFECTIVE_DATE": "2019-10-03",
        "STATUS": "IMPLEMENTED"
    },
    {
        "PROPOSAL_ID": 2285,
        "COMPANY_NAME": "amazon",
        "COUNTRY_NAME": "NETHERLANDS",
        "PROPOSAL_DATE": "2019-10-24",
        "EFFECTIVE_DATE": "2019-10-03",
        "STATUS": "IMPLEMENTED"
    },
    {
        "PROPOSAL_ID": 2289,
        "COMPANY_NAME": "amazon",
        "COUNTRY_NAME": "NETHERLANDS",
        "PROPOSAL_DATE": "2019-10-24",
        "EFFECTIVE_DATE": "2019-10-03",
        "STATUS": "IMPLEMENTED"
    },
    {
        "PROPOSAL_ID": 2296,
        "COMPANY_NAME": "amazon",
        "COUNTRY_NAME": "NETHERLANDS",
        "PROPOSAL_DATE": "2019-10-24",
        "EFFECTIVE_DATE": null,
        "STATUS": "NEW"
    },
    {
        "PROPOSAL_ID": 2298,
        "COMPANY_NAME": "amazon",
        "COUNTRY_NAME": "NETHERLANDS",
        "PROPOSAL_DATE": "2019-10-24",
        "EFFECTIVE_DATE": null,
        "STATUS": "NEW"
    },
    {
        "PROPOSAL_ID": 2299,
        "COMPANY_NAME": "amazon",
        "COUNTRY_NAME": "NETHERLANDS",
        "PROPOSAL_DATE": "2019-10-24",
        "EFFECTIVE_DATE": null,
        "STATUS": "NEW"
    },
    {
        "PROPOSAL_ID": 2300,
        "COMPANY_NAME": "amazon",
        "COUNTRY_NAME": "NETHERLANDS",
        "PROPOSAL_DATE": "2019-10-24",
        "EFFECTIVE_DATE": null,
        "STATUS": "NEW"
    },
    {
        "PROPOSAL_ID": 2301,
        "COMPANY_NAME": "amazon",
        "COUNTRY_NAME": "NETHERLANDS",
        "PROPOSAL_DATE": "2019-10-24",
        "EFFECTIVE_DATE": null,
        "STATUS": "NEW"
    },
    {
        "PROPOSAL_ID": 2306,
        "COMPANY_NAME": "amazon",
        "COUNTRY_NAME": "NETHERLANDS",
        "PROPOSAL_DATE": "2019-10-24",
        "EFFECTIVE_DATE": null,
        "STATUS": "NEW"
    },
    {
        "PROPOSAL_ID": 2307,
        "COMPANY_NAME": "amazon",
        "COUNTRY_NAME": "NETHERLANDS",
        "PROPOSAL_DATE": "2019-10-24",
        "EFFECTIVE_DATE": null,
        "STATUS": "NEW"
    },
    {
        "PROPOSAL_ID": 2316,
        "COMPANY_NAME": "amazon",
        "COUNTRY_NAME": "NETHERLANDS",
        "PROPOSAL_DATE": "2019-10-24",
        "EFFECTIVE_DATE": null,
        "STATUS": "NEW"
    },
    {
        "PROPOSAL_ID": 2346,
        "COMPANY_NAME": "amazon",
        "COUNTRY_NAME": "NETHERLANDS",
        "PROPOSAL_DATE": "2019-10-24",
        "EFFECTIVE_DATE": "2019-10-03",
        "STATUS": "IMPLEMENTED"
    },
    {
        "PROPOSAL_ID": 2351,
        "COMPANY_NAME": "amazon",
        "COUNTRY_NAME": "NETHERLANDS",
        "PROPOSAL_DATE": "2019-10-24",
        "EFFECTIVE_DATE": null,
        "STATUS": "NEW"
    },
    {
        "PROPOSAL_ID": 2364,
        "COMPANY_NAME": "amazon",
        "COUNTRY_NAME": "NETHERLANDS",
        "PROPOSAL_DATE": "2019-10-24",
        "EFFECTIVE_DATE": null,
        "STATUS": "NEW"
    },
    {
        "PROPOSAL_ID": 2367,
        "COMPANY_NAME": "amazon",
        "COUNTRY_NAME": "NETHERLANDS",
        "PROPOSAL_DATE": "2019-10-24",
        "EFFECTIVE_DATE": null,
        "STATUS": "NEW"
    },
    {
        "PROPOSAL_ID": 2372,
        "COMPANY_NAME": "amazon",
        "COUNTRY_NAME": "NETHERLANDS",
        "PROPOSAL_DATE": "2019-10-24",
        "EFFECTIVE_DATE": null,
        "STATUS": "NEW"
    },
    {
        "PROPOSAL_ID": 2116,
        "COMPANY_NAME": "amazon",
        "COUNTRY_NAME": "NETHERLANDS",
        "PROPOSAL_DATE": "2019-10-23",
        "EFFECTIVE_DATE": null,
        "STATUS": "NEW"
    },
    {
        "PROPOSAL_ID": 2117,
        "COMPANY_NAME": "amazon",
        "COUNTRY_NAME": "NETHERLANDS",
        "PROPOSAL_DATE": "2019-10-23",
        "EFFECTIVE_DATE": null,
        "STATUS": "NEW"
    },
    {
        "PROPOSAL_ID": 2121,
        "COMPANY_NAME": "amazon",
        "COUNTRY_NAME": "NETHERLANDS",
        "PROPOSAL_DATE": "2019-10-23",
        "EFFECTIVE_DATE": null,
        "STATUS": "NEW"
    },
    {
        "PROPOSAL_ID": 2122,
        "COMPANY_NAME": "amazon",
        "COUNTRY_NAME": "NETHERLANDS",
        "PROPOSAL_DATE": "2019-10-23",
        "EFFECTIVE_DATE": null,
        "STATUS": "NEW"
    },
    {
        "PROPOSAL_ID": 2123,
        "COMPANY_NAME": "amazon",
        "COUNTRY_NAME": "NETHERLANDS",
        "PROPOSAL_DATE": "2019-10-23",
        "EFFECTIVE_DATE": null,
        "STATUS": "NEW"
    },
    {
        "PROPOSAL_ID": 2124,
        "COMPANY_NAME": "amazon",
        "COUNTRY_NAME": "NETHERLANDS",
        "PROPOSAL_DATE": "2019-10-23",
        "EFFECTIVE_DATE": null,
        "STATUS": "NEW"
    },
    {
        "PROPOSAL_ID": 2126,
        "COMPANY_NAME": "amazon",
        "COUNTRY_NAME": "NETHERLANDS",
        "PROPOSAL_DATE": "2019-10-23",
        "EFFECTIVE_DATE": null,
        "STATUS": "NEW"
    },
    {
        "PROPOSAL_ID": 2127,
        "COMPANY_NAME": "amazon",
        "COUNTRY_NAME": "NETHERLANDS",
        "PROPOSAL_DATE": "2019-10-23",
        "EFFECTIVE_DATE": null,
        "STATUS": "NEW"
    },
    {
        "PROPOSAL_ID": 2128,
        "COMPANY_NAME": "amazon",
        "COUNTRY_NAME": "NETHERLANDS",
        "PROPOSAL_DATE": "2019-10-23",
        "EFFECTIVE_DATE": "2019-10-03",
        "STATUS": null
    },
    {
        "PROPOSAL_ID": 2129,
        "COMPANY_NAME": "amazon",
        "COUNTRY_NAME": "NETHERLANDS",
        "PROPOSAL_DATE": "2019-10-23",
        "EFFECTIVE_DATE": "2019-10-03",
        "STATUS": null
    },
    {
        "PROPOSAL_ID": 2147,
        "COMPANY_NAME": "amazon",
        "COUNTRY_NAME": "NETHERLANDS",
        "PROPOSAL_DATE": "2019-10-23",
        "EFFECTIVE_DATE": "2019-10-03",
        "STATUS": null
    },
    {
        "PROPOSAL_ID": 2148,
        "COMPANY_NAME": "amazon",
        "COUNTRY_NAME": "NETHERLANDS",
        "PROPOSAL_DATE": "2019-10-23",
        "EFFECTIVE_DATE": "2019-10-03",
        "STATUS": null
    },
    {
        "PROPOSAL_ID": 2149,
        "COMPANY_NAME": "amazon",
        "COUNTRY_NAME": "NETHERLANDS",
        "PROPOSAL_DATE": "2019-10-23",
        "EFFECTIVE_DATE": null,
        "STATUS": "NEW"
    },
    {
        "PROPOSAL_ID": 2150,
        "COMPANY_NAME": "amazon",
        "COUNTRY_NAME": "NETHERLANDS",
        "PROPOSAL_DATE": "2019-10-23",
        "EFFECTIVE_DATE": "2019-10-03",
        "STATUS": "AGREEMENT GENERATED"
    },
    {
        "PROPOSAL_ID": 2151,
        "COMPANY_NAME": "amazon",
        "COUNTRY_NAME": "NETHERLANDS",
        "PROPOSAL_DATE": "2019-10-23",
        "EFFECTIVE_DATE": "2019-10-03",
        "STATUS": "AGREEMENT GENERATED"
    },
    {
        "PROPOSAL_ID": 2075,
        "COMPANY_NAME": "amazon",
        "COUNTRY_NAME": "NETHERLANDS",
        "PROPOSAL_DATE": "2019-10-22",
        "EFFECTIVE_DATE": null,
        "STATUS": "NEW"
    }
]