{
    "parentScreen": {
        "customer": {
            "coNm": "test",
            "fedexConNm": "Jyoti Rana",
            "cusConNm": "test",
            "ctryCd": "NL",
            "cusEml": "test@test.com",
            "cusSegCd": "SEG-1"
        }
    },
    "workflowRequest": {
        "wflReqId": 2968,
        "wflAppId": 1,
        "wflReqStatId": 0,
        "curStepId": 0,
        "nxtStepId": 1,
        "ownUsrId": null,
        "wflReqCrteById": 3821270,
        "wflReqCrtDt": "2019-10-31T00:14:00.358+0000",
        "wflReqLstMdfyById": null,
        "wflReqLstMdfyDt": "2019-10-31T00:14:00.358+0000"
    }
}