{
    "parentScreen": {
        "pricing": {
            "parcels": [
                {
                    "productName": "First Overnight",
                    "packageTypes": [
                        {
                            "packageType": "Envelope",
                            "weightFrom": "0.0",
                            "weightTo": "0.5",
                            "zoneName": "Zone 1",
                            "discountPercentage": "25",
                            "minCharge": "43.95",
                            "currencyType": "ÉURO"
                        },
                        {
                            "packageType": "Envelope",
                            "weightFrom": "0.0",
                            "weightTo": "0.5",
                            "zoneName": "Zone 2",
                            "discountPercentage": "25",
                            "minCharge": "53.95",
                            "currencyType": "ÉURO"
                        },
                        {
                            "packageType": "Pak",
                            "weightFrom": "0.5",
                            "weightTo": "1.0",
                            "zoneName": "Zone 1",
                            "discountPercentage": "25",
                            "minCharge": "46.35",
                            "currencyType": "ÉURO"
                        },
                        {
                            "packageType": "Pak",
                            "weightFrom": "0.5",
                            "weightTo": "1.0",
                            "zoneName": "Zone 2",
                            "discountPercentage": "25",
                            "minCharge": "56.35",
                            "currencyType": "ÉURO"
                        },
                        {
                            "packageType": "Custom",
                            "weightFrom": "0.0",
                            "weightTo": "0.5",
                            "zoneName": "Zone 1",
                            "discountPercentage": "25",
                            "minCharge": "48.75",
                            "currencyType": "ÉURO"
                        },
                        {
                            "packageType": "Custom",
                            "weightFrom": "0.0",
                            "weightTo": "0.5",
                            "zoneName": "Zone 2",
                            "discountPercentage": "24",
                            "minCharge": "58.75",
                            "currencyType": "ÉURO"
                        },
                        {
                            "packageType": "Custom",
                            "weightFrom": "1.0",
                            "weightTo": "2.5",
                            "zoneName": "Zone 1",
                            "discountPercentage": "25",
                            "minCharge": "48.75",
                            "currencyType": "ÉURO"
                        },
                        {
                            "packageType": "Custom",
                            "weightFrom": "1.0",
                            "weightTo": "2.5",
                            "zoneName": "Zone 2",
                            "discountPercentage": "25",
                            "minCharge": "58.75",
                            "currencyType": "ÉURO"
                        },
                        {
                            "packageType": "Custom",
                            "weightFrom": "3.0",
                            "weightTo": "5.0",
                            "zoneName": "Zone 1",
                            "discountPercentage": "25",
                            "minCharge": "48.75",
                            "currencyType": "ÉURO"
                        },
                        {
                            "packageType": "Custom",
                            "weightFrom": "3.0",
                            "weightTo": "5.0",
                            "zoneName": "Zone 2",
                            "discountPercentage": "25",
                            "minCharge": "58.75",
                            "currencyType": "ÉURO"
                        },
                        {
                            "packageType": "Custom",
                            "weightFrom": "5.5",
                            "weightTo": "10.0",
                            "zoneName": "Zone 1",
                            "discountPercentage": "25",
                            "minCharge": "48.75",
                            "currencyType": "ÉURO"
                        },
                        {
                            "packageType": "Custom",
                            "weightFrom": "5.5",
                            "weightTo": "10.0",
                            "zoneName": "Zone 2",
                            "discountPercentage": "25",
                            "minCharge": "58.75",
                            "currencyType": "ÉURO"
                        },
                        {
                            "packageType": "Custom",
                            "weightFrom": "10.5",
                            "weightTo": "20.5",
                            "zoneName": "Zone 1",
                            "discountPercentage": "25",
                            "minCharge": "48.75",
                            "currencyType": "ÉURO"
                        },
                        {
                            "packageType": "Custom",
                            "weightFrom": "10.5",
                            "weightTo": "20.5",
                            "zoneName": "Zone 2",
                            "discountPercentage": "25",
                            "minCharge": "58.75",
                            "currencyType": "ÉURO"
                        },
                        {
                            "packageType": "Custom",
                            "weightFrom": "21.0",
                            "weightTo": "44.5",
                            "zoneName": "Zone 1",
                            "discountPercentage": "25",
                            "minCharge": "48.75",
                            "currencyType": "ÉURO"
                        },
                        {
                            "packageType": "Custom",
                            "weightFrom": "21.0",
                            "weightTo": "44.5",
                            "zoneName": "Zone 2",
                            "discountPercentage": "25",
                            "minCharge": "58.75",
                            "currencyType": "ÉURO"
                        },
                        {
                            "packageType": "Custom",
                            "weightFrom": "45.0",
                            "weightTo": "70.5",
                            "zoneName": "Zone 1",
                            "discountPercentage": "25",
                            "minCharge": "48.75",
                            "currencyType": "ÉURO"
                        },
                        {
                            "packageType": "Custom",
                            "weightFrom": "45.0",
                            "weightTo": "70.5",
                            "zoneName": "Zone 2",
                            "discountPercentage": "25",
                            "minCharge": "58.75",
                            "currencyType": "ÉURO"
                        },
                        {
                            "packageType": "Custom",
                            "weightFrom": "71.0",
                            "weightTo": "99.0",
                            "zoneName": "Zone 1",
                            "discountPercentage": "25",
                            "minCharge": "48.75",
                            "currencyType": "ÉURO"
                        },
                        {
                            "packageType": "Custom",
                            "weightFrom": "71.0",
                            "weightTo": "99.0",
                            "zoneName": "Zone 2",
                            "discountPercentage": "25",
                            "minCharge": "58.75",
                            "currencyType": "ÉURO"
                        },
                        {
                            "packageType": "Custom",
                            "weightFrom": "100.0",
                            "weightTo": "299.0",
                            "zoneName": "Zone 1",
                            "discountPercentage": "25",
                            "minCharge": "48.75",
                            "currencyType": "ÉURO"
                        },
                        {
                            "packageType": "Custom",
                            "weightFrom": "100.0",
                            "weightTo": "299.0",
                            "zoneName": "Zone 2",
                            "discountPercentage": "25",
                            "minCharge": "58.75",
                            "currencyType": "ÉURO"
                        },
                        {
                            "packageType": "Custom",
                            "weightFrom": "300.0",
                            "weightTo": "499.0",
                            "zoneName": "Zone 1",
                            "discountPercentage": "25",
                            "minCharge": "48.75",
                            "currencyType": "ÉURO"
                        },
                        {
                            "packageType": "Custom",
                            "weightFrom": "300.0",
                            "weightTo": "499.0",
                            "zoneName": "Zone 2",
                            "discountPercentage": "25",
                            "minCharge": "58.75",
                            "currencyType": "ÉURO"
                        },
                        {
                            "packageType": "Custom",
                            "weightFrom": "500.0",
                            "weightTo": "999.0",
                            "zoneName": "Zone 1",
                            "discountPercentage": "25",
                            "minCharge": "48.75",
                            "currencyType": "ÉURO"
                        },
                        {
                            "packageType": "Custom",
                            "weightFrom": "500.0",
                            "weightTo": "999.0",
                            "zoneName": "Zone 2",
                            "discountPercentage": "25",
                            "minCharge": "58.75",
                            "currencyType": "ÉURO"
                        },
                        {
                            "packageType": "Custom",
                            "weightFrom": "1000.0",
                            "weightTo": "9.9999999E7",
                            "zoneName": "Zone 1",
                            "discountPercentage": "25",
                            "minCharge": "48.75",
                            "currencyType": "ÉURO"
                        },
                        {
                            "packageType": "Custom",
                            "weightFrom": "1000.0",
                            "weightTo": "9.9999999E7",
                            "zoneName": "Zone 2",
                            "discountPercentage": "25",
                            "minCharge": "58.75",
                            "currencyType": "ÉURO"
                        }
                    ]
                },
                {
                    "productName": "Priority Overnight",
                    "packageTypes": [
                        {
                            "packageType": "Envelope",
                            "weightFrom": "0.0",
                            "weightTo": "0.5",
                            "zoneName": "Zone 1",
                            "discountPercentage": "25",
                            "minCharge": "29.3",
                            "currencyType": "ÉURO"
                        },
                        {
                            "packageType": "Envelope",
                            "weightFrom": "0.0",
                            "weightTo": "0.5",
                            "zoneName": "Zone 2",
                            "discountPercentage": "25",
                            "minCharge": "39.3",
                            "currencyType": "ÉURO"
                        },
                        {
                            "packageType": "Pak",
                            "weightFrom": "0.5",
                            "weightTo": "1.0",
                            "zoneName": "Zone 1",
                            "discountPercentage": "25",
                            "minCharge": "30.9",
                            "currencyType": "ÉURO"
                        },
                        {
                            "packageType": "Pak",
                            "weightFrom": "0.5",
                            "weightTo": "1.0",
                            "zoneName": "Zone 2",
                            "discountPercentage": "25",
                            "minCharge": "40.9",
                            "currencyType": "ÉURO"
                        },
                        {
                            "packageType": "Custom",
                            "weightFrom": "0.0",
                            "weightTo": "0.5",
                            "zoneName": "Zone 1",
                            "discountPercentage": "2",
                            "minCharge": "32.5",
                            "currencyType": "ÉURO"
                        },
                        {
                            "packageType": "Custom",
                            "weightFrom": "0.0",
                            "weightTo": "0.5",
                            "zoneName": "Zone 2",
                            "discountPercentage": "3",
                            "minCharge": "42.5",
                            "currencyType": "ÉURO"
                        },
                        {
                            "packageType": "Custom",
                            "weightFrom": "1.0",
                            "weightTo": "2.5",
                            "zoneName": "Zone 1",
                            "discountPercentage": "3",
                            "minCharge": "32.5",
                            "currencyType": "ÉURO"
                        },
                        {
                            "packageType": "Custom",
                            "weightFrom": "1.0",
                            "weightTo": "2.5",
                            "zoneName": "Zone 2",
                            "discountPercentage": "3",
                            "minCharge": "42.5",
                            "currencyType": "ÉURO"
                        },
                        {
                            "packageType": "Custom",
                            "weightFrom": "3.0",
                            "weightTo": "5.0",
                            "zoneName": "Zone 1",
                            "discountPercentage": "4",
                            "minCharge": "32.5",
                            "currencyType": "ÉURO"
                        },
                        {
                            "packageType": "Custom",
                            "weightFrom": "3.0",
                            "weightTo": "5.0",
                            "zoneName": "Zone 2",
                            "discountPercentage": "3",
                            "minCharge": "42.5",
                            "currencyType": "ÉURO"
                        },
                        {
                            "packageType": "Custom",
                            "weightFrom": "5.5",
                            "weightTo": "10.0",
                            "zoneName": "Zone 1",
                            "discountPercentage": "5",
                            "minCharge": "32.5",
                            "currencyType": "ÉURO"
                        },
                        {
                            "packageType": "Custom",
                            "weightFrom": "5.5",
                            "weightTo": "10.0",
                            "zoneName": "Zone 2",
                            "discountPercentage": "3",
                            "minCharge": "42.5",
                            "currencyType": "ÉURO"
                        },
                        {
                            "packageType": "Custom",
                            "weightFrom": "10.5",
                            "weightTo": "20.5",
                            "zoneName": "Zone 1",
                            "discountPercentage": "6",
                            "minCharge": "32.5",
                            "currencyType": "ÉURO"
                        },
                        {
                            "packageType": "Custom",
                            "weightFrom": "10.5",
                            "weightTo": "20.5",
                            "zoneName": "Zone 2",
                            "discountPercentage": "3",
                            "minCharge": "42.5",
                            "currencyType": "ÉURO"
                        },
                        {
                            "packageType": "Custom",
                            "weightFrom": "21.0",
                            "weightTo": "44.5",
                            "zoneName": "Zone 1",
                            "discountPercentage": "7",
                            "minCharge": "32.5",
                            "currencyType": "ÉURO"
                        },
                        {
                            "packageType": "Custom",
                            "weightFrom": "21.0",
                            "weightTo": "44.5",
                            "zoneName": "Zone 2",
                            "discountPercentage": "3",
                            "minCharge": "42.5",
                            "currencyType": "ÉURO"
                        },
                        {
                            "packageType": "Custom",
                            "weightFrom": "45.0",
                            "weightTo": "70.5",
                            "zoneName": "Zone 1",
                            "discountPercentage": "8",
                            "minCharge": "32.5",
                            "currencyType": "ÉURO"
                        },
                        {
                            "packageType": "Custom",
                            "weightFrom": "45.0",
                            "weightTo": "70.5",
                            "zoneName": "Zone 2",
                            "discountPercentage": "3",
                            "minCharge": "42.5",
                            "currencyType": "ÉURO"
                        },
                        {
                            "packageType": "Custom",
                            "weightFrom": "71.0",
                            "weightTo": "99.0",
                            "zoneName": "Zone 1",
                            "discountPercentage": "9",
                            "minCharge": "32.5",
                            "currencyType": "ÉURO"
                        },
                        {
                            "packageType": "Custom",
                            "weightFrom": "71.0",
                            "weightTo": "99.0",
                            "zoneName": "Zone 2",
                            "discountPercentage": "3",
                            "minCharge": "42.5",
                            "currencyType": "ÉURO"
                        },
                        {
                            "packageType": "Custom",
                            "weightFrom": "100.0",
                            "weightTo": "299.0",
                            "zoneName": "Zone 1",
                            "discountPercentage": "1",
                            "minCharge": "32.5",
                            "currencyType": "ÉURO"
                        },
                        {
                            "packageType": "Custom",
                            "weightFrom": "100.0",
                            "weightTo": "299.0",
                            "zoneName": "Zone 2",
                            "discountPercentage": "3",
                            "minCharge": "42.5",
                            "currencyType": "ÉURO"
                        },
                        {
                            "packageType": "Custom",
                            "weightFrom": "300.0",
                            "weightTo": "499.0",
                            "zoneName": "Zone 1",
                            "discountPercentage": "2",
                            "minCharge": "32.5",
                            "currencyType": "ÉURO"
                        },
                        {
                            "packageType": "Custom",
                            "weightFrom": "300.0",
                            "weightTo": "499.0",
                            "zoneName": "Zone 2",
                            "discountPercentage": "3",
                            "minCharge": "42.5",
                            "currencyType": "ÉURO"
                        },
                        {
                            "packageType": "Custom",
                            "weightFrom": "500.0",
                            "weightTo": "999.0",
                            "zoneName": "Zone 1",
                            "discountPercentage": "2",
                            "minCharge": "32.5",
                            "currencyType": "ÉURO"
                        },
                        {
                            "packageType": "Custom",
                            "weightFrom": "500.0",
                            "weightTo": "999.0",
                            "zoneName": "Zone 2",
                            "discountPercentage": "3",
                            "minCharge": "42.5",
                            "currencyType": "ÉURO"
                        },
                        {
                            "packageType": "Custom",
                            "weightFrom": "1000.0",
                            "weightTo": "9.9999999E7",
                            "zoneName": "Zone 1",
                            "discountPercentage": "25",
                            "minCharge": "32.5",
                            "currencyType": "ÉURO"
                        },
                        {
                            "packageType": "Custom",
                            "weightFrom": "1000.0",
                            "weightTo": "9.9999999E7",
                            "zoneName": "Zone 2",
                            "discountPercentage": "3",
                            "minCharge": "42.5",
                            "currencyType": "ÉURO"
                        }
                    ]
                },
                {
                    "productName": "Standard Overnight",
                    "packageTypes": [
                        {
                            "packageType": "Envelope",
                            "weightFrom": "0.0",
                            "weightTo": "0.5",
                            "zoneName": "Zone 1",
                            "discountPercentage": "25",
                            "minCharge": "26.37",
                            "currencyType": "ÉURO"
                        },
                        {
                            "packageType": "Envelope",
                            "weightFrom": "0.0",
                            "weightTo": "0.5",
                            "zoneName": "Zone 2",
                            "discountPercentage": "25",
                            "minCharge": "36.37",
                            "currencyType": "ÉURO"
                        },
                        {
                            "packageType": "Pak",
                            "weightFrom": "0.5",
                            "weightTo": "1.0",
                            "zoneName": "Zone 1",
                            "discountPercentage": "25",
                            "minCharge": "27.81",
                            "currencyType": "ÉURO"
                        },
                        {
                            "packageType": "Pak",
                            "weightFrom": "0.5",
                            "weightTo": "1.0",
                            "zoneName": "Zone 2",
                            "discountPercentage": "25",
                            "minCharge": "37.81",
                            "currencyType": "ÉURO"
                        },
                        {
                            "packageType": "Custom",
                            "weightFrom": "0.0",
                            "weightTo": "0.5",
                            "zoneName": "Zone 1",
                            "discountPercentage": "4",
                            "minCharge": "29.25",
                            "currencyType": "ÉURO"
                        },
                        {
                            "packageType": "Custom",
                            "weightFrom": "0.0",
                            "weightTo": "0.5",
                            "zoneName": "Zone 2",
                            "discountPercentage": "5",
                            "minCharge": "39.25",
                            "currencyType": "ÉURO"
                        },
                        {
                            "packageType": "Custom",
                            "weightFrom": "1.0",
                            "weightTo": "2.5",
                            "zoneName": "Zone 1",
                            "discountPercentage": "4",
                            "minCharge": "29.25",
                            "currencyType": "ÉURO"
                        },
                        {
                            "packageType": "Custom",
                            "weightFrom": "1.0",
                            "weightTo": "2.5",
                            "zoneName": "Zone 2",
                            "discountPercentage": "5",
                            "minCharge": "39.25",
                            "currencyType": "ÉURO"
                        },
                        {
                            "packageType": "Custom",
                            "weightFrom": "3.0",
                            "weightTo": "5.0",
                            "zoneName": "Zone 1",
                            "discountPercentage": "4",
                            "minCharge": "29.25",
                            "currencyType": "ÉURO"
                        },
                        {
                            "packageType": "Custom",
                            "weightFrom": "3.0",
                            "weightTo": "5.0",
                            "zoneName": "Zone 2",
                            "discountPercentage": "5",
                            "minCharge": "39.25",
                            "currencyType": "ÉURO"
                        },
                        {
                            "packageType": "Custom",
                            "weightFrom": "5.5",
                            "weightTo": "10.0",
                            "zoneName": "Zone 1",
                            "discountPercentage": "4",
                            "minCharge": "29.25",
                            "currencyType": "ÉURO"
                        },
                        {
                            "packageType": "Custom",
                            "weightFrom": "5.5",
                            "weightTo": "10.0",
                            "zoneName": "Zone 2",
                            "discountPercentage": "5",
                            "minCharge": "39.25",
                            "currencyType": "ÉURO"
                        },
                        {
                            "packageType": "Custom",
                            "weightFrom": "10.5",
                            "weightTo": "20.5",
                            "zoneName": "Zone 1",
                            "discountPercentage": "4",
                            "minCharge": "29.25",
                            "currencyType": "ÉURO"
                        },
                        {
                            "packageType": "Custom",
                            "weightFrom": "10.5",
                            "weightTo": "20.5",
                            "zoneName": "Zone 2",
                            "discountPercentage": "5",
                            "minCharge": "39.25",
                            "currencyType": "ÉURO"
                        },
                        {
                            "packageType": "Custom",
                            "weightFrom": "21.0",
                            "weightTo": "44.5",
                            "zoneName": "Zone 1",
                            "discountPercentage": "4",
                            "minCharge": "29.25",
                            "currencyType": "ÉURO"
                        },
                        {
                            "packageType": "Custom",
                            "weightFrom": "21.0",
                            "weightTo": "44.5",
                            "zoneName": "Zone 2",
                            "discountPercentage": "5",
                            "minCharge": "39.25",
                            "currencyType": "ÉURO"
                        },
                        {
                            "packageType": "Custom",
                            "weightFrom": "45.0",
                            "weightTo": "70.5",
                            "zoneName": "Zone 1",
                            "discountPercentage": "4",
                            "minCharge": "29.25",
                            "currencyType": "ÉURO"
                        },
                        {
                            "packageType": "Custom",
                            "weightFrom": "45.0",
                            "weightTo": "70.5",
                            "zoneName": "Zone 2",
                            "discountPercentage": "5",
                            "minCharge": "39.25",
                            "currencyType": "ÉURO"
                        },
                        {
                            "packageType": "Custom",
                            "weightFrom": "71.0",
                            "weightTo": "99.0",
                            "zoneName": "Zone 1",
                            "discountPercentage": "4",
                            "minCharge": "29.25",
                            "currencyType": "ÉURO"
                        },
                        {
                            "packageType": "Custom",
                            "weightFrom": "71.0",
                            "weightTo": "99.0",
                            "zoneName": "Zone 2",
                            "discountPercentage": "5",
                            "minCharge": "39.25",
                            "currencyType": "ÉURO"
                        },
                        {
                            "packageType": "Custom",
                            "weightFrom": "100.0",
                            "weightTo": "299.0",
                            "zoneName": "Zone 1",
                            "discountPercentage": "4",
                            "minCharge": "29.25",
                            "currencyType": "ÉURO"
                        },
                        {
                            "packageType": "Custom",
                            "weightFrom": "100.0",
                            "weightTo": "299.0",
                            "zoneName": "Zone 2",
                            "discountPercentage": "25",
                            "minCharge": "39.25",
                            "currencyType": "ÉURO"
                        },
                        {
                            "packageType": "Custom",
                            "weightFrom": "300.0",
                            "weightTo": "499.0",
                            "zoneName": "Zone 1",
                            "discountPercentage": "4",
                            "minCharge": "29.25",
                            "currencyType": "ÉURO"
                        },
                        {
                            "packageType": "Custom",
                            "weightFrom": "300.0",
                            "weightTo": "499.0",
                            "zoneName": "Zone 2",
                            "discountPercentage": "25",
                            "minCharge": "39.25",
                            "currencyType": "ÉURO"
                        },
                        {
                            "packageType": "Custom",
                            "weightFrom": "500.0",
                            "weightTo": "999.0",
                            "zoneName": "Zone 1",
                            "discountPercentage": "4",
                            "minCharge": "29.25",
                            "currencyType": "ÉURO"
                        },
                        {
                            "packageType": "Custom",
                            "weightFrom": "500.0",
                            "weightTo": "999.0",
                            "zoneName": "Zone 2",
                            "discountPercentage": "25",
                            "minCharge": "39.25",
                            "currencyType": "ÉURO"
                        },
                        {
                            "packageType": "Custom",
                            "weightFrom": "1000.0",
                            "weightTo": "9.9999999E7",
                            "zoneName": "Zone 1",
                            "discountPercentage": "4",
                            "minCharge": "29.25",
                            "currencyType": "ÉURO"
                        },
                        {
                            "packageType": "Custom",
                            "weightFrom": "1000.0",
                            "weightTo": "9.9999999E7",
                            "zoneName": "Zone 2",
                            "discountPercentage": "25",
                            "minCharge": "39.25",
                            "currencyType": "ÉURO"
                        }
                    ]
                },
                {
                    "productName": "Saver",
                    "packageTypes": [
                        {
                            "packageType": "Envelope",
                            "weightFrom": "0.0",
                            "weightTo": "0.5",
                            "zoneName": "Zone 1",
                            "discountPercentage": "25",
                            "minCharge": "21.98",
                            "currencyType": "ÉURO"
                        },
                        {
                            "packageType": "Envelope",
                            "weightFrom": "0.0",
                            "weightTo": "0.5",
                            "zoneName": "Zone 2",
                            "discountPercentage": "25",
                            "minCharge": "31.98",
                            "currencyType": "ÉURO"
                        },
                        {
                            "packageType": "Pak",
                            "weightFrom": "0.5",
                            "weightTo": "1.0",
                            "zoneName": "Zone 1",
                            "discountPercentage": "25",
                            "minCharge": "23.18",
                            "currencyType": "ÉURO"
                        },
                        {
                            "packageType": "Pak",
                            "weightFrom": "0.5",
                            "weightTo": "1.0",
                            "zoneName": "Zone 2",
                            "discountPercentage": "25",
                            "minCharge": "33.18",
                            "currencyType": "ÉURO"
                        },
                        {
                            "packageType": "Custom",
                            "weightFrom": "0.0",
                            "weightTo": "0.5",
                            "zoneName": "Zone 1",
                            "discountPercentage": "6",
                            "minCharge": "24.38",
                            "currencyType": "ÉURO"
                        },
                        {
                            "packageType": "Custom",
                            "weightFrom": "0.0",
                            "weightTo": "0.5",
                            "zoneName": "Zone 2",
                            "discountPercentage": "7",
                            "minCharge": "34.38",
                            "currencyType": "ÉURO"
                        },
                        {
                            "packageType": "Custom",
                            "weightFrom": "1.0",
                            "weightTo": "2.5",
                            "zoneName": "Zone 1",
                            "discountPercentage": "6",
                            "minCharge": "24.38",
                            "currencyType": "ÉURO"
                        },
                        {
                            "packageType": "Custom",
                            "weightFrom": "1.0",
                            "weightTo": "2.5",
                            "zoneName": "Zone 2",
                            "discountPercentage": "7",
                            "minCharge": "34.38",
                            "currencyType": "ÉURO"
                        },
                        {
                            "packageType": "Custom",
                            "weightFrom": "3.0",
                            "weightTo": "5.0",
                            "zoneName": "Zone 1",
                            "discountPercentage": "6",
                            "minCharge": "24.38",
                            "currencyType": "ÉURO"
                        },
                        {
                            "packageType": "Custom",
                            "weightFrom": "3.0",
                            "weightTo": "5.0",
                            "zoneName": "Zone 2",
                            "discountPercentage": "7",
                            "minCharge": "34.38",
                            "currencyType": "ÉURO"
                        },
                        {
                            "packageType": "Custom",
                            "weightFrom": "5.5",
                            "weightTo": "10.0",
                            "zoneName": "Zone 1",
                            "discountPercentage": "25",
                            "minCharge": "24.38",
                            "currencyType": "ÉURO"
                        },
                        {
                            "packageType": "Custom",
                            "weightFrom": "5.5",
                            "weightTo": "10.0",
                            "zoneName": "Zone 2",
                            "discountPercentage": "7",
                            "minCharge": "34.38",
                            "currencyType": "ÉURO"
                        },
                        {
                            "packageType": "Custom",
                            "weightFrom": "10.5",
                            "weightTo": "20.5",
                            "zoneName": "Zone 1",
                            "discountPercentage": "25",
                            "minCharge": "24.38",
                            "currencyType": "ÉURO"
                        },
                        {
                            "packageType": "Custom",
                            "weightFrom": "10.5",
                            "weightTo": "20.5",
                            "zoneName": "Zone 2",
                            "discountPercentage": "7",
                            "minCharge": "34.38",
                            "currencyType": "ÉURO"
                        },
                        {
                            "packageType": "Custom",
                            "weightFrom": "21.0",
                            "weightTo": "44.5",
                            "zoneName": "Zone 1",
                            "discountPercentage": "25",
                            "minCharge": "24.38",
                            "currencyType": "ÉURO"
                        },
                        {
                            "packageType": "Custom",
                            "weightFrom": "21.0",
                            "weightTo": "44.5",
                            "zoneName": "Zone 2",
                            "discountPercentage": "7",
                            "minCharge": "34.38",
                            "currencyType": "ÉURO"
                        },
                        {
                            "packageType": "Custom",
                            "weightFrom": "45.0",
                            "weightTo": "70.5",
                            "zoneName": "Zone 1",
                            "discountPercentage": "25",
                            "minCharge": "24.38",
                            "currencyType": "ÉURO"
                        },
                        {
                            "packageType": "Custom",
                            "weightFrom": "45.0",
                            "weightTo": "70.5",
                            "zoneName": "Zone 2",
                            "discountPercentage": "7",
                            "minCharge": "34.38",
                            "currencyType": "ÉURO"
                        },
                        {
                            "packageType": "Custom",
                            "weightFrom": "71.0",
                            "weightTo": "99.0",
                            "zoneName": "Zone 1",
                            "discountPercentage": "25",
                            "minCharge": "24.38",
                            "currencyType": "ÉURO"
                        },
                        {
                            "packageType": "Custom",
                            "weightFrom": "71.0",
                            "weightTo": "99.0",
                            "zoneName": "Zone 2",
                            "discountPercentage": "7",
                            "minCharge": "34.38",
                            "currencyType": "ÉURO"
                        },
                        {
                            "packageType": "Custom",
                            "weightFrom": "100.0",
                            "weightTo": "299.0",
                            "zoneName": "Zone 1",
                            "discountPercentage": "25",
                            "minCharge": "24.38",
                            "currencyType": "ÉURO"
                        },
                        {
                            "packageType": "Custom",
                            "weightFrom": "100.0",
                            "weightTo": "299.0",
                            "zoneName": "Zone 2",
                            "discountPercentage": "7",
                            "minCharge": "34.38",
                            "currencyType": "ÉURO"
                        },
                        {
                            "packageType": "Custom",
                            "weightFrom": "300.0",
                            "weightTo": "499.0",
                            "zoneName": "Zone 1",
                            "discountPercentage": "25",
                            "minCharge": "24.38",
                            "currencyType": "ÉURO"
                        },
                        {
                            "packageType": "Custom",
                            "weightFrom": "300.0",
                            "weightTo": "499.0",
                            "zoneName": "Zone 2",
                            "discountPercentage": "7",
                            "minCharge": "34.38",
                            "currencyType": "ÉURO"
                        },
                        {
                            "packageType": "Custom",
                            "weightFrom": "500.0",
                            "weightTo": "999.0",
                            "zoneName": "Zone 1",
                            "discountPercentage": "25",
                            "minCharge": "24.38",
                            "currencyType": "ÉURO"
                        },
                        {
                            "packageType": "Custom",
                            "weightFrom": "500.0",
                            "weightTo": "999.0",
                            "zoneName": "Zone 2",
                            "discountPercentage": "7",
                            "minCharge": "34.38",
                            "currencyType": "ÉURO"
                        },
                        {
                            "packageType": "Custom",
                            "weightFrom": "1000.0",
                            "weightTo": "9.9999999E7",
                            "zoneName": "Zone 1",
                            "discountPercentage": "25",
                            "minCharge": "24.38",
                            "currencyType": "ÉURO"
                        },
                        {
                            "packageType": "Custom",
                            "weightFrom": "1000.0",
                            "weightTo": "9.9999999E7",
                            "zoneName": "Zone 2",
                            "discountPercentage": "7",
                            "minCharge": "34.38",
                            "currencyType": "ÉURO"
                        }
                    ]
                }
            ],
            "freight": [
                {
                    "productName": "First Overnight",
                    "packageTypes": [
                        {
                            "packageType": "Custom",
                            "weightFrom": "0.0",
                            "weightTo": "0.5",
                            "zoneName": "Zone 1",
                            "discountPercentage": "25",
                            "minimumBillable": "68.0"
                        },
                        {
                            "packageType": "Custom",
                            "weightFrom": "0.0",
                            "weightTo": "0.5",
                            "zoneName": "Zone 2",
                            "discountPercentage": "27",
                            "minimumBillable": "68.0"
                        },
                        {
                            "packageType": "Custom",
                            "weightFrom": "71.0",
                            "weightTo": "99.0",
                            "zoneName": "Zone 1",
                            "discountPercentage": "25",
                            "minimumBillable": "68.0"
                        },
                        {
                            "packageType": "Custom",
                            "weightFrom": "71.0",
                            "weightTo": "99.0",
                            "zoneName": "Zone 2",
                            "discountPercentage": "25",
                            "minimumBillable": "68.0"
                        },
                        {
                            "packageType": "Custom",
                            "weightFrom": "100.0",
                            "weightTo": "299.0",
                            "zoneName": "Zone 1",
                            "discountPercentage": "25",
                            "minimumBillable": "68.0"
                        },
                        {
                            "packageType": "Custom",
                            "weightFrom": "100.0",
                            "weightTo": "299.0",
                            "zoneName": "Zone 2",
                            "discountPercentage": "25",
                            "minimumBillable": "68.0"
                        },
                        {
                            "packageType": "Custom",
                            "weightFrom": "300.0",
                            "weightTo": "499.0",
                            "zoneName": "Zone 1",
                            "discountPercentage": "25",
                            "minimumBillable": "68.0"
                        },
                        {
                            "packageType": "Custom",
                            "weightFrom": "300.0",
                            "weightTo": "499.0",
                            "zoneName": "Zone 2",
                            "discountPercentage": "25",
                            "minimumBillable": "68.0"
                        },
                        {
                            "packageType": "Custom",
                            "weightFrom": "500.0",
                            "weightTo": "999.0",
                            "zoneName": "Zone 1",
                            "discountPercentage": "0",
                            "minimumBillable": "68.0"
                        },
                        {
                            "packageType": "Custom",
                            "weightFrom": "500.0",
                            "weightTo": "999.0",
                            "zoneName": "Zone 2",
                            "discountPercentage": "0",
                            "minimumBillable": "68.0"
                        },
                        {
                            "packageType": "Custom",
                            "weightFrom": "1000.0",
                            "weightTo": "9.9999999E7",
                            "zoneName": "Zone 1",
                            "discountPercentage": "0",
                            "minimumBillable": "68.0"
                        },
                        {
                            "packageType": "Custom",
                            "weightFrom": "1000.0",
                            "weightTo": "9.9999999E7",
                            "zoneName": "Zone 2",
                            "discountPercentage": "0",
                            "minimumBillable": "68.0"
                        }
                    ]
                },
                {
                    "productName": "Priority Overnight",
                    "packageTypes": [
                        {
                            "packageType": "Custom",
                            "weightFrom": "0.0",
                            "weightTo": "0.5",
                            "zoneName": "Zone 1",
                            "discountPercentage": "25",
                            "minimumBillable": "68.0"
                        },
                        {
                            "packageType": "Custom",
                            "weightFrom": "0.0",
                            "weightTo": "0.5",
                            "zoneName": "Zone 2",
                            "discountPercentage": "25",
                            "minimumBillable": "68.0"
                        },
                        {
                            "packageType": "Custom",
                            "weightFrom": "71.0",
                            "weightTo": "99.0",
                            "zoneName": "Zone 1",
                            "discountPercentage": "25",
                            "minimumBillable": "68.0"
                        },
                        {
                            "packageType": "Custom",
                            "weightFrom": "71.0",
                            "weightTo": "99.0",
                            "zoneName": "Zone 2",
                            "discountPercentage": "25",
                            "minimumBillable": "68.0"
                        },
                        {
                            "packageType": "Custom",
                            "weightFrom": "100.0",
                            "weightTo": "299.0",
                            "zoneName": "Zone 1",
                            "discountPercentage": "25",
                            "minimumBillable": "68.0"
                        },
                        {
                            "packageType": "Custom",
                            "weightFrom": "100.0",
                            "weightTo": "299.0",
                            "zoneName": "Zone 2",
                            "discountPercentage": "25",
                            "minimumBillable": "68.0"
                        },
                        {
                            "packageType": "Custom",
                            "weightFrom": "300.0",
                            "weightTo": "499.0",
                            "zoneName": "Zone 1",
                            "discountPercentage": "25",
                            "minimumBillable": "68.0"
                        },
                        {
                            "packageType": "Custom",
                            "weightFrom": "300.0",
                            "weightTo": "499.0",
                            "zoneName": "Zone 2",
                            "discountPercentage": "25",
                            "minimumBillable": "68.0"
                        },
                        {
                            "packageType": "Custom",
                            "weightFrom": "500.0",
                            "weightTo": "999.0",
                            "zoneName": "Zone 1",
                            "discountPercentage": "0",
                            "minimumBillable": "68.0"
                        },
                        {
                            "packageType": "Custom",
                            "weightFrom": "500.0",
                            "weightTo": "999.0",
                            "zoneName": "Zone 2",
                            "discountPercentage": "0",
                            "minimumBillable": "68.0"
                        },
                        {
                            "packageType": "Custom",
                            "weightFrom": "1000.0",
                            "weightTo": "9.9999999E7",
                            "zoneName": "Zone 1",
                            "discountPercentage": "0",
                            "minimumBillable": "68.0"
                        },
                        {
                            "packageType": "Custom",
                            "weightFrom": "1000.0",
                            "weightTo": "9.9999999E7",
                            "zoneName": "Zone 2",
                            "discountPercentage": "0",
                            "minimumBillable": "68.0"
                        }
                    ]
                },
                {
                    "productName": "Standard Overnight",
                    "packageTypes": [
                        {
                            "packageType": "Custom",
                            "weightFrom": "0.0",
                            "weightTo": "0.5",
                            "zoneName": "Zone 1",
                            "discountPercentage": "25",
                            "minimumBillable": "68.0"
                        },
                        {
                            "packageType": "Custom",
                            "weightFrom": "0.0",
                            "weightTo": "0.5",
                            "zoneName": "Zone 2",
                            "discountPercentage": "25",
                            "minimumBillable": "68.0"
                        },
                        {
                            "packageType": "Custom",
                            "weightFrom": "71.0",
                            "weightTo": "99.0",
                            "zoneName": "Zone 1",
                            "discountPercentage": "25",
                            "minimumBillable": "68.0"
                        },
                        {
                            "packageType": "Custom",
                            "weightFrom": "71.0",
                            "weightTo": "99.0",
                            "zoneName": "Zone 2",
                            "discountPercentage": "25",
                            "minimumBillable": "68.0"
                        },
                        {
                            "packageType": "Custom",
                            "weightFrom": "100.0",
                            "weightTo": "299.0",
                            "zoneName": "Zone 1",
                            "discountPercentage": "25",
                            "minimumBillable": "68.0"
                        },
                        {
                            "packageType": "Custom",
                            "weightFrom": "100.0",
                            "weightTo": "299.0",
                            "zoneName": "Zone 2",
                            "discountPercentage": "25",
                            "minimumBillable": "68.0"
                        },
                        {
                            "packageType": "Custom",
                            "weightFrom": "300.0",
                            "weightTo": "499.0",
                            "zoneName": "Zone 1",
                            "discountPercentage": "25",
                            "minimumBillable": "68.0"
                        },
                        {
                            "packageType": "Custom",
                            "weightFrom": "300.0",
                            "weightTo": "499.0",
                            "zoneName": "Zone 2",
                            "discountPercentage": "25",
                            "minimumBillable": "68.0"
                        },
                        {
                            "packageType": "Custom",
                            "weightFrom": "500.0",
                            "weightTo": "999.0",
                            "zoneName": "Zone 1",
                            "discountPercentage": "0",
                            "minimumBillable": "68.0"
                        },
                        {
                            "packageType": "Custom",
                            "weightFrom": "500.0",
                            "weightTo": "999.0",
                            "zoneName": "Zone 2",
                            "discountPercentage": "0",
                            "minimumBillable": "68.0"
                        },
                        {
                            "packageType": "Custom",
                            "weightFrom": "1000.0",
                            "weightTo": "9.9999999E7",
                            "zoneName": "Zone 1",
                            "discountPercentage": "0",
                            "minimumBillable": "68.0"
                        },
                        {
                            "packageType": "Custom",
                            "weightFrom": "1000.0",
                            "weightTo": "9.9999999E7",
                            "zoneName": "Zone 2",
                            "discountPercentage": "0",
                            "minimumBillable": "68.0"
                        }
                    ]
                },
                {
                    "productName": "Saver",
                    "packageTypes": [
                        {
                            "packageType": "Custom",
                            "weightFrom": "0.0",
                            "weightTo": "0.5",
                            "zoneName": "Zone 1",
                            "discountPercentage": "25",
                            "minimumBillable": "68.0"
                        },
                        {
                            "packageType": "Custom",
                            "weightFrom": "0.0",
                            "weightTo": "0.5",
                            "zoneName": "Zone 2",
                            "discountPercentage": "25",
                            "minimumBillable": "68.0"
                        },
                        {
                            "packageType": "Custom",
                            "weightFrom": "71.0",
                            "weightTo": "99.0",
                            "zoneName": "Zone 1",
                            "discountPercentage": "25",
                            "minimumBillable": "68.0"
                        },
                        {
                            "packageType": "Custom",
                            "weightFrom": "71.0",
                            "weightTo": "99.0",
                            "zoneName": "Zone 2",
                            "discountPercentage": "25",
                            "minimumBillable": "68.0"
                        },
                        {
                            "packageType": "Custom",
                            "weightFrom": "100.0",
                            "weightTo": "299.0",
                            "zoneName": "Zone 1",
                            "discountPercentage": "25",
                            "minimumBillable": "68.0"
                        },
                        {
                            "packageType": "Custom",
                            "weightFrom": "100.0",
                            "weightTo": "299.0",
                            "zoneName": "Zone 2",
                            "discountPercentage": "25",
                            "minimumBillable": "68.0"
                        },
                        {
                            "packageType": "Custom",
                            "weightFrom": "300.0",
                            "weightTo": "499.0",
                            "zoneName": "Zone 1",
                            "discountPercentage": "25",
                            "minimumBillable": "68.0"
                        },
                        {
                            "packageType": "Custom",
                            "weightFrom": "300.0",
                            "weightTo": "499.0",
                            "zoneName": "Zone 2",
                            "discountPercentage": "25",
                            "minimumBillable": "68.0"
                        },
                        {
                            "packageType": "Custom",
                            "weightFrom": "500.0",
                            "weightTo": "999.0",
                            "zoneName": "Zone 1",
                            "discountPercentage": "0",
                            "minimumBillable": "68.0"
                        },
                        {
                            "packageType": "Custom",
                            "weightFrom": "500.0",
                            "weightTo": "999.0",
                            "zoneName": "Zone 2",
                            "discountPercentage": "0",
                            "minimumBillable": "68.0"
                        },
                        {
                            "packageType": "Custom",
                            "weightFrom": "1000.0",
                            "weightTo": "9.9999999E7",
                            "zoneName": "Zone 1",
                            "discountPercentage": "0",
                            "minimumBillable": "68.0"
                        },
                        {
                            "packageType": "Custom",
                            "weightFrom": "1000.0",
                            "weightTo": "9.9999999E7",
                            "zoneName": "Zone 2",
                            "discountPercentage": "0",
                            "minimumBillable": "68.0"
                        }
                    ]
                }
            ]
        }
    },
    "workflowVO": null,
    "workflowRequest": null,
    "prpsId": null
}