[ 
    { 
       "userId":"5251087",
       "resourcePath":"/create",
       "action":"create",
       "labelText": "Create",
       "isauthorized":true
       
    },
    { 
       "userId":"5251087",
       "resourcePath":"/manage",
       "action":"manage",
       "labelText": "Manage",
       "isauthorized":true
    },
    { 
       "userId":"5251087",
       "resourcePath":"/invoice",
       "action":"invoice",
       "labelText": "Invoice",
       "isauthorized":true
    },
    { 
      "userId":"5251087",
      "resourcePath":"/shipment",
      "action":"shipment",
      "labelText": "",
      "isauthorized":true
   }
 ]