[
    {
        "custId": "104158161",
        "custFstNm": "Mark",
        "custLstNm": "",
        "custCoNm": "CBC RADIO CANADA/POWERSHIP",
        "custVatNbr": 0,
        "custAddr": "STE B-67,1400 BOUL RENE-LEVESQUE E",
        "custAptSteName": "",
        "custPstlCd": "H2L2M2",
        "custCty": "MONTREAL",
        "custSt": "PQ",
        "countryId": 0,
        "custPh": "5976413",
        "custPhExt": "",
        "custMail": "JEAN.BOUFFARD@RADIO-CANADA.CA",
        "custStatNbr": 0,
        "custCrtBy": 0,
        "userId": 4,
        "date": "2019-06-28",
        "custLstMdfyBy": 0,
        "countryInfo": {
            "ctryId": 6,
            "ctryCd": "TW",
            "ctryCurrCd": "CAD",
            "ctryCurrNm": "CANADIAN DOLLAR",
            "ctryCurrPfxTxt": null,
            "ctryCurrSym": "$",
            "ctryNm": "TAIWAN",
            "region": "AMER",
            "defaultCountry": null,
            "defaultCtryId": 0
        },
        "noOfQuotes": 16,
        "fedExCustomer": true,
        "qpFedExCustomer": false,
        "accountStatus": "ACTIVE",
        "languageCode": "CF",
        "creditStatus": "Good",
        "allowQuoteCreation": true,
        "quoteNotAllowedReason": "CREDIT STATUS WITH OPEN AND CREDIT CARD ARE ALLOWED TO MAKE QUOTE",
        "newCustomer": false
    }
]
