{
    "parentScreen": {
        "agreement": {
            "agmtId": 348,
            "prpsId": 3303,
            "lglNm": "new name1",
            "agmtOptCd": "PRINT",
            "statCd": "AG",
            "ctrcStrtDt": "2019-10-03T00:00:00.000+0000",
            "ctrcEndDt": "2019-10-03T00:00:00.000+0000",
            "altLangCd": "DUTCH",
            "ctryCusSignatoryBelongsTo": "NL",
            "cusAcptDt": null,
            "isCusAcpt": null,
            "isSignatureVerified": null,
            "effDt": null,
            "exprDt": null,
            "crtById": null,
            "crtDt": null,
            "lstMdfyById": null,
            "lstMdfyDt": null,
            "agmtTemId": 1
        }
    },
    "workflowVO": null,
    "workflowRequest": null,
    "prpsId": null
}