{
    "eventInfo": {
        "createTd": "2019-11-04T10:31:43Z",
        "msgName": "BookingRequest",
        "msgType": "Response"
    },
    "bookingInfo": {
        "booking": {
            "sourceSystemCd": "GL+",
            "locType": "TNT",
            "type": "TNT",
            "id": "1234567",
            "origLocCd": "AHE"
        },
        "bookingStatus": {
            "createTd": "2019-11-04T10:31:43Z",
            "statusCd": "SP",
            "statusType": "TNT"
        }
    }
}