[
    {
        "ctryCd": "NL",
        "ctryNm": "NETHERLANDS",
        "langCd": "DUTCH",
        "currCd": "ÉURO",
        "segCd": "SEG_1",
        "crtById": 1,
        "lstMdfyById": null,
        "crtDt": "03:00:2019",
        "lstMdfyDt": null
    },
    {
        "ctryCd": "DE",
        "ctryNm": "Germany",
        "langCd": "German",
        "currCd": "CHF",
        "segCd": "SEG_2",
        "crtById": 1,
        "lstMdfyById": null,
        "crtDt": "03:00:2019",
        "lstMdfyDt": null
    }
]