[
    {
        "currentStepNo": 1,
        "requestedCountry": null,
        "requesterUserId": null,
        "workflowId": null,
        "currentModuleName": "CUSTOMERMODULE",
        "currentModuleRelativeURL": "CUSTOMERMODULE/customer",
        "screenName": "CUSTOMERMODULE",
        "formName": "customer",
        "nextModuleName": null
    },
    {
        "currentStepNo": 2,
        "requestedCountry": null,
        "requesterUserId": null,
        "workflowId": null,
        "currentModuleName": "PRICINGMODULE",
        "currentModuleRelativeURL": "PRICINGMODULE/pricing",
        "screenName": "PRICINGMODULE",
        "formName": "pricing",
        "nextModuleName": null
    },
    {
        "currentStepNo": 3,
        "requestedCountry": null,
        "requesterUserId": null,
        "workflowId": null,
        "currentModuleName": "AGREEMENTMODULE",
        "currentModuleRelativeURL": "AGREEMENTMODULE/agreements",
        "screenName": "AGREEMENTMODULE",
        "formName": "agreement",
        "nextModuleName": null
    },
    {
        "currentStepNo": 4,
        "requestedCountry": null,
        "requesterUserId": null,
        "workflowId": null,
        "currentModuleName": "PRINTPRESENT",
        "currentModuleRelativeURL": "PRINTPRESENT/printpresent",
        "screenName": "PRINTPRESENT",
        "formName": "agreement",
        "nextModuleName": null
    }
]