{
    "userId": "string",
    "userFirstName": "string",
    "userLastName": "string",
    "countryCode": "string",
    "userEmail": "string",
    "authroizes": {
        "Notification,View": "boolean",
        "PricingContract,Manage": "boolean",
        "Application,Login": "boolean",
        "EsignTrigger,Trigger": "boolean",
        "ActivityView,View": "boolean",
        "Proposal,View": "boolean",
        "PricingTemplate,View": "boolean",
        "AgreementTemplate,View": "boolean"
    },
    "roleNm": [
        "SalesAE"
    ],
    "accessibleCountries": null
}