[
    {
        "CTG_CD": "SIGN",
        "CTG_NM": "Signed Agreement",
        "CRT_DT": null,
        "LST_MDFY_BY_ID": null,
        "LST_MDFY_DT": null,
        "CRT_BY_ID": null
    },
    {
        "CTG_CD": "EMAIL",
        "CTG_NM": "Email from Customer",
        "CRT_DT": null,
        "LST_MDFY_BY_ID": null,
        "LST_MDFY_DT": null,
        "CRT_BY_ID": null
    },
    {
        "CTG_CD": "SDOC",
        "CTG_NM": "Supporting Document",
        "CRT_DT": "07:00:2019",
        "LST_MDFY_BY_ID": 1,
        "LST_MDFY_DT": null,
        "CRT_BY_ID": null
    }
]