[
    {
"LOOKUP_VALUE_ID": 1,
"LOOKUP_CODE": "DOCTYPE",
"LOOKUP_VALUE_DESC": "Signed Agreement",
"LOOKUP_VALUE": "Signed Agreement",
"LOOKUP_CRTE_BY_ID": 3699007,
"LOOKUP_CRT_DT": null,
"LOOKUP_LST_MDFY_BY_ID": null,
"LOOKUP_LST_MDFY_DT": null
    },
    {
"LOOKUP_VALUE_ID": 2,
"LOOKUP_CODE": "DOCTYPE",
"LOOKUP_VALUE_DESC": "Supporting Document",
"LOOKUP_VALUE": "Supporting Document",
"LOOKUP_CRTE_BY_ID": 3699007,
"LOOKUP_CRT_DT": null,
"LOOKUP_LST_MDFY_BY_ID": null,
"LOOKUP_LST_MDFY_DT": null
    }
]

