[
    {
        "AGMT_ID": 204,
        "PRPS_ID": 2353,
        "LGL_NM": null,
        "AGMT_OPT_CD": null,
        "STAT_CD": null,
        "CTRC_STRT_DT": "24:00:2019",
        "CTRC_END_DT": "03:00:2019",
        "ALT_LANG_CD": "DUTCH",
        "CTRY_CUS_SIGNATORY_BELONGS_TO": "NL",
        "CUS_ACPT_DT": null,
        "IS_CUS_ACPT": null,
        "IS_SIGNATURE_VERIFIED": null,
        "EFF_DT": null,
        "EXPR_DT": null,
        "CRT_BY_ID": null,
        "CRT_DT": "24:00:2019",
        "LST_MDFY_BY_ID": null,
        "LST_MDFY_DT": null,
        "AGMT_TEM_ID": null
    }
]