{
    "data": [
        {
            "fileName":"Defect 61971.msg",
            "filePath":"C:\\PROUD\\2902",
            "userId": 324234,
            "createdDate":"13-Nov-2019 14:57:35"
        },
        {
            "fileName":"Defect 61971.msg",
            "filePath":"C:\\PROUD",
            "userId": 324234,
            "createdDate":"13-Nov-2019 15:05:37"
        },
        {
            "fileName":"Defect 61971.msg",
            "filePath":"C:\\PROUD\\317",
            "userId": 324234,
            "createdDate":"13-Nov-2019 15:06:49"
        }
    ],
    "status": "SUCCESS",
    "message": null
}