{
    "userId": "3699007",
    "userFirstName": "Madan",
    "userLastName": "Srivats",
    "countryCode": "NL",
    "userEmail": "madan.srivats.osv@fedex.com",
    "authroizes": {
        "Notification,View": false,
        "PricingContract,Manage": false,
        "Application,Login": true,
        "EsignTrigger,Trigger": true,
        "ActivityView,View": true,
        "Proposal,View": true,
        "PricingTemplate,View": false,
        "AgreementTemplate,View": false
    },
    "roleNm": [
        "SalesAE"
    ],
    "accessibleCountries": null
}