{
    "parentScreen": {
        "customer": {
            "cusId": 3553,
            "prpsId": 3303,
            "ean": 1,
            "coNm": "amazon",
            "levelId": null,
            "cusConNm": "amazon",
            "cusEml": "cus@email.com",
            "ctryCd": "NL",
            "vatNbr": 1,
            "fedexConNm": "fedex contact name",
            "cusSegCd": "SEG-1",
            "crtById": null,
            "crtDt": null,
            "lstMdfyById": null,
            "lstMdfyDt": null
        }
    },
    "workflowVO": null,
    "workflowRequest": null,
    "prpsId": null
}